[23:31:59.530] Hook installed OK
[23:31:59.530] WorkerLoop started
[23:32:04.702] ReinstallHook: OK
[23:32:09.702] ReinstallHook: OK
[23:32:14.704] ReinstallHook: OK
[23:32:19.702] ReinstallHook: OK
[23:32:24.706] ReinstallHook: OK
[23:32:29.702] ReinstallHook: OK
[23:32:30.622] KEY vk=0x5B (91), modKey=27, capturing=0
[23:32:30.877] KEY vk=0x5B (91), modKey=27, capturing=0
[23:32:31.317] KEY vk=0x5B (91), modKey=27, capturing=0
[23:32:34.437] KEY vk=0xAE (174), modKey=27, capturing=0
[23:32:34.437] -> VOL key, modKey=27, modPressed=0
[23:32:34.464] KEY vk=0xAE (174), modKey=27, capturing=0
[23:32:34.464] -> VOL key, modKey=27, modPressed=0
[23:32:34.486] KEY vk=0xAE (174), modKey=27, capturing=0
[23:32:34.487] -> VOL key, modKey=27, modPressed=0
[23:32:34.516] KEY vk=0xAE (174), modKey=27, capturing=0
[23:32:34.516] -> VOL key, modKey=27, modPressed=0
[23:32:34.539] KEY vk=0xAE (174), modKey=27, capturing=0
[23:32:34.539] -> VOL key, modKey=27, modPressed=0
[23:32:34.575] KEY vk=0xAE (174), modKey=27, capturing=0
[23:32:34.575] -> VOL key, modKey=27, modPressed=0
[23:32:34.703] ReinstallHook: OK
[23:32:34.763] KEY vk=0xAF (175), modKey=27, capturing=0
[23:32:34.763] -> VOL key, modKey=27, modPressed=0
[23:32:34.796] KEY vk=0xAF (175), modKey=27, capturing=0
[23:32:34.796] -> VOL key, modKey=27, modPressed=0
[23:32:34.820] KEY vk=0xAF (175), modKey=27, capturing=0
[23:32:34.820] -> VOL key, modKey=27, modPressed=0
[23:32:34.840] KEY vk=0xAF (175), modKey=27, capturing=0
[23:32:34.841] -> VOL key, modKey=27, modPressed=0
[23:32:34.862] KEY vk=0xAF (175), modKey=27, capturing=0
[23:32:34.863] -> VOL key, modKey=27, modPressed=0
[23:32:34.884] KEY vk=0xAF (175), modKey=27, capturing=0
[23:32:34.884] -> VOL key, modKey=27, modPressed=0
[23:32:34.902] KEY vk=0xAF (175), modKey=27, capturing=0
[23:32:34.902] -> VOL key, modKey=27, modPressed=0
[23:32:34.926] KEY vk=0xAF (175), modKey=27, capturing=0
[23:32:34.926] -> VOL key, modKey=27, modPressed=0
[23:32:34.953] KEY vk=0xAF (175), modKey=27, capturing=0
[23:32:34.953] -> VOL key, modKey=27, modPressed=0
[23:32:35.193] KEY vk=0xAD (173), modKey=27, capturing=0
[23:32:35.193] -> VK_VOLUME_MUTE -> queuing play/pause
[23:32:35.193] Worker: sending play/pause
[23:32:35.194] KEY vk=0xB3 (179), modKey=27, capturing=0
[23:32:36.401] KEY vk=0xAD (173), modKey=27, capturing=0
[23:32:36.401] -> VK_VOLUME_MUTE -> queuing play/pause
[23:32:36.402] Worker: sending play/pause
[23:32:36.402] KEY vk=0xB3 (179), modKey=27, capturing=0
[23:32:36.807] KEY vk=0x53 (83), modKey=27, capturing=0
[23:32:36.840] KEY vk=0x41 (65), modKey=27, capturing=0
[23:32:36.896] KEY vk=0x44 (68), modKey=27, capturing=0
[23:32:37.072] KEY vk=0x41 (65), modKey=27, capturing=0
[23:32:37.145] KEY vk=0x53 (83), modKey=27, capturing=0
[23:32:37.219] KEY vk=0x44 (68), modKey=27, capturing=0
[23:32:37.394] KEY vk=0x41 (65), modKey=27, capturing=0
[23:32:37.517] KEY vk=0x53 (83), modKey=27, capturing=0
[23:32:37.621] KEY vk=0x44 (68), modKey=27, capturing=0
[23:32:38.450] KEY vk=0x5B (91), modKey=27, capturing=0
[23:32:39.706] ReinstallHook: OK
[23:32:41.509] KEY vk=0xA0 (160), modKey=27, capturing=0
[23:32:42.915] KEY vk=0x4C (76), modKey=27, capturing=0
[23:32:43.073] KEY vk=0x46 (70), modKey=27, capturing=0
[23:32:43.211] KEY vk=0x44 (68), modKey=27, capturing=0
[23:32:43.300] KEY vk=0x46 (70), modKey=27, capturing=0
[23:32:43.526] KEY vk=0x51 (81), modKey=27, capturing=0
[23:32:43.691] KEY vk=0xA0 (160), modKey=27, capturing=0
[23:32:43.868] KEY vk=0xBF (191), modKey=27, capturing=0
[23:32:43.954] KEY vk=0x20 (32), modKey=27, capturing=0
[23:32:44.707] ReinstallHook: OK
[23:32:45.050] KEY vk=0x5A (90), modKey=27, capturing=0
[23:32:45.263] KEY vk=0x20 (32), modKey=27, capturing=0
[23:32:45.550] KEY vk=0x47 (71), modKey=27, capturing=0
[23:32:45.723] KEY vk=0x4A (74), modKey=27, capturing=0
[23:32:46.146] KEY vk=0x59 (89), modKey=27, capturing=0
[23:32:46.325] KEY vk=0x46 (70), modKey=27, capturing=0
[23:32:46.645] KEY vk=0xBA (186), modKey=27, capturing=0
[23:32:46.711] KEY vk=0x42 (66), modKey=27, capturing=0
[23:32:46.923] KEY vk=0x56 (86), modKey=27, capturing=0
[23:32:47.031] KEY vk=0x46 (70), modKey=27, capturing=0
[23:32:47.168] KEY vk=0x4B (75), modKey=27, capturing=0
[23:32:47.309] KEY vk=0x20 (32), modKey=27, capturing=0
[23:32:47.539] KEY vk=0x52 (82), modKey=27, capturing=0
[23:32:47.678] KEY vk=0x4B (75), modKey=27, capturing=0
[23:32:47.770] KEY vk=0x46 (70), modKey=27, capturing=0
[23:32:47.970] KEY vk=0x44 (68), modKey=27, capturing=0
[23:32:48.030] KEY vk=0x42 (66), modKey=27, capturing=0
[23:32:48.270] KEY vk=0x49 (73), modKey=27, capturing=0
[23:32:48.368] KEY vk=0x42 (66), modKey=27, capturing=0
[23:32:48.469] KEY vk=0x20 (32), modKey=27, capturing=0
[23:32:48.573] KEY vk=0x42 (66), modKey=27, capturing=0
[23:32:48.675] KEY vk=0x20 (32), modKey=27, capturing=0
[23:32:48.843] KEY vk=0x47 (71), modKey=27, capturing=0
[23:32:49.016] KEY vk=0x4A (74), modKey=27, capturing=0
[23:32:49.190] KEY vk=0x52 (82), modKey=27, capturing=0
[23:32:49.313] KEY vk=0x48 (72), modKey=27, capturing=0
[23:32:49.398] KEY vk=0x45 (69), modKey=27, capturing=0
[23:32:49.561] KEY vk=0x4E (78), modKey=27, capturing=0
[23:32:49.704] ReinstallHook: OK
[23:32:49.734] KEY vk=0x42 (66), modKey=27, capturing=0
[23:32:50.022] KEY vk=0x4B (75), modKey=27, capturing=0
[23:32:50.145] KEY vk=0x20 (32), modKey=27, capturing=0
[23:32:50.337] KEY vk=0xBC (188), modKey=27, capturing=0
[23:32:50.421] KEY vk=0x46 (70), modKey=27, capturing=0
[23:32:50.592] KEY vk=0x48 (72), modKey=27, capturing=0
[23:32:50.721] KEY vk=0x46 (70), modKey=27, capturing=0
[23:32:50.992] KEY vk=0xBC (188), modKey=27, capturing=0
[23:32:51.095] KEY vk=0x46 (70), modKey=27, capturing=0
[23:32:51.314] KEY vk=0x59 (89), modKey=27, capturing=0
[23:32:52.032] KEY vk=0xD (13), modKey=27, capturing=0
[23:32:53.482] KEY vk=0x1B (27), modKey=27, capturing=0
[23:32:54.728] ReinstallHook: OK
[23:32:59.704] ReinstallHook: OK
[23:33:04.703] ReinstallHook: OK
[23:33:09.703] ReinstallHook: OK
[23:33:14.701] ReinstallHook: OK
[23:33:19.508] KEY vk=0x5B (91), modKey=27, capturing=0
[23:33:19.703] ReinstallHook: OK
[23:33:22.028] KEY vk=0x1B (27), modKey=27, capturing=0
[23:33:24.702] ReinstallHook: OK
[23:33:29.705] ReinstallHook: OK
[23:33:34.705] ReinstallHook: OK
[23:33:39.705] ReinstallHook: OK
[23:33:44.703] ReinstallHook: OK
[23:33:49.702] ReinstallHook: OK
[23:33:54.704] ReinstallHook: OK
[23:33:55.871] Hook installed OK
[23:33:55.872] WorkerLoop started
[23:34:01.097] ReinstallHook: OK
[23:34:06.092] ReinstallHook: OK
[23:34:11.093] ReinstallHook: OK
[23:34:16.094] ReinstallHook: OK
[23:34:21.091] ReinstallHook: OK
[23:34:26.091] ReinstallHook: OK
[23:34:31.092] ReinstallHook: OK
[23:34:36.091] ReinstallHook: OK
[23:34:41.092] ReinstallHook: OK
[23:34:46.092] ReinstallHook: OK
[23:34:51.093] ReinstallHook: OK
[23:34:56.094] ReinstallHook: OK
[23:35:01.092] ReinstallHook: OK
[23:35:06.091] ReinstallHook: OK
[23:35:11.092] ReinstallHook: OK
[23:35:16.093] ReinstallHook: OK
[23:35:21.093] ReinstallHook: OK
[23:35:25.060] KEY vk=0xAE (174), modKey=0, capturing=0
[23:35:25.061] -> VOL key, modKey=0, modPressed=1
[23:35:25.061] -> queuing volume change
[23:35:25.061] Worker: volume change
[23:35:25.108] KEY vk=0xAE (174), modKey=0, capturing=0
[23:35:25.109] -> VOL key, modKey=0, modPressed=1
[23:35:25.109] -> queuing volume change
[23:35:25.154] KEY vk=0xAE (174), modKey=0, capturing=0
[23:35:25.154] -> VOL key, modKey=0, modPressed=1
[23:35:25.154] -> queuing volume change
[23:35:25.179] Worker: vol changed to 99% (spotify.exe)
[23:35:25.180] Worker: volume change
[23:35:25.211] KEY vk=0xAE (174), modKey=0, capturing=0
[23:35:25.211] -> VOL key, modKey=0, modPressed=1
[23:35:25.212] -> queuing volume change
[23:35:25.246] KEY vk=0xAE (174), modKey=0, capturing=0
[23:35:25.246] -> VOL key, modKey=0, modPressed=1
[23:35:25.246] -> queuing volume change
[23:35:25.285] KEY vk=0xAE (174), modKey=0, capturing=0
[23:35:25.285] -> VOL key, modKey=0, modPressed=1
[23:35:25.285] -> queuing volume change
[23:35:25.345] KEY vk=0xAE (174), modKey=0, capturing=0
[23:35:25.346] -> VOL key, modKey=0, modPressed=1
[23:35:25.346] -> queuing volume change
[23:35:25.353] Worker: vol changed to 98% (spotify.exe)
[23:35:25.353] Worker: volume change
[23:35:25.381] KEY vk=0xAE (174), modKey=0, capturing=0
[23:35:25.381] -> VOL key, modKey=0, modPressed=1
[23:35:25.381] -> queuing volume change
[23:35:25.419] Worker: vol changed to 97% (spotify.exe)
[23:35:25.420] Worker: volume change
[23:35:25.433] KEY vk=0xAE (174), modKey=0, capturing=0
[23:35:25.433] -> VOL key, modKey=0, modPressed=1
[23:35:25.433] -> queuing volume change
[23:35:25.474] Worker: vol changed to 96% (spotify.exe)
[23:35:25.474] Worker: volume change
[23:35:25.506] Worker: vol changed to 95% (spotify.exe)
[23:35:25.506] Worker: volume change
[23:35:25.552] Worker: vol changed to 94% (spotify.exe)
[23:35:25.552] Worker: volume change
[23:35:25.569] Worker: vol changed to 93% (spotify.exe)
[23:35:25.570] Worker: volume change
[23:35:25.614] Worker: vol changed to 92% (spotify.exe)
[23:35:25.614] Worker: volume change
[23:35:25.627] Worker: vol changed to 91% (spotify.exe)
[23:35:25.884] KEY vk=0xAF (175), modKey=0, capturing=0
[23:35:25.884] -> VOL key, modKey=0, modPressed=1
[23:35:25.885] -> queuing volume change
[23:35:25.888] Worker: volume change
[23:35:25.915] Worker: vol changed to 92% (spotify.exe)
[23:35:25.944] KEY vk=0xAF (175), modKey=0, capturing=0
[23:35:25.945] -> VOL key, modKey=0, modPressed=1
[23:35:25.945] -> queuing volume change
[23:35:25.945] Worker: volume change
[23:35:25.968] Worker: vol changed to 93% (spotify.exe)
[23:35:25.990] KEY vk=0xAF (175), modKey=0, capturing=0
[23:35:25.990] -> VOL key, modKey=0, modPressed=1
[23:35:25.990] -> queuing volume change
[23:35:25.993] Worker: volume change
[23:35:26.010] Worker: vol changed to 94% (spotify.exe)
[23:35:26.035] KEY vk=0xAF (175), modKey=0, capturing=0
[23:35:26.035] -> VOL key, modKey=0, modPressed=1
[23:35:26.035] -> queuing volume change
[23:35:26.035] Worker: volume change
[23:35:26.067] Worker: vol changed to 95% (spotify.exe)
[23:35:26.083] KEY vk=0xAF (175), modKey=0, capturing=0
[23:35:26.083] -> VOL key, modKey=0, modPressed=1
[23:35:26.084] -> queuing volume change
[23:35:26.089] Worker: volume change
[23:35:26.113] ReinstallHook: OK
[23:35:26.142] KEY vk=0xAF (175), modKey=0, capturing=0
[23:35:26.142] -> VOL key, modKey=0, modPressed=1
[23:35:26.143] -> queuing volume change
[23:35:26.157] Worker: vol changed to 96% (spotify.exe)
[23:35:26.158] Worker: volume change
[23:35:26.198] Worker: vol changed to 97% (spotify.exe)
[23:35:26.264] KEY vk=0xAE (174), modKey=0, capturing=0
[23:35:26.264] -> VOL key, modKey=0, modPressed=1
[23:35:26.264] -> queuing volume change
[23:35:26.265] Worker: volume change
[23:35:26.306] KEY vk=0xAE (174), modKey=0, capturing=0
[23:35:26.306] -> VOL key, modKey=0, modPressed=1
[23:35:26.306] -> queuing volume change
[23:35:26.343] KEY vk=0xAE (174), modKey=0, capturing=0
[23:35:26.343] -> VOL key, modKey=0, modPressed=1
[23:35:26.343] -> queuing volume change
[23:35:26.452] Worker: vol changed to 96% (spotify.exe)
[23:35:26.453] Worker: volume change
[23:35:26.493] Worker: vol changed to 95% (spotify.exe)
[23:35:26.493] Worker: volume change
[23:35:26.517] Worker: vol changed to 94% (spotify.exe)
[23:35:26.584] KEY vk=0xAF (175), modKey=0, capturing=0
[23:35:26.584] -> VOL key, modKey=0, modPressed=1
[23:35:26.584] -> queuing volume change
[23:35:26.587] Worker: volume change
[23:35:26.622] Worker: vol changed to 95% (spotify.exe)
[23:35:26.673] KEY vk=0xAF (175), modKey=0, capturing=0
[23:35:26.673] -> VOL key, modKey=0, modPressed=1
[23:35:26.673] -> queuing volume change
[23:35:26.673] Worker: volume change
[23:35:26.699] Worker: vol changed to 96% (spotify.exe)
[23:35:26.752] KEY vk=0xAF (175), modKey=0, capturing=0
[23:35:26.752] -> VOL key, modKey=0, modPressed=1
[23:35:26.752] -> queuing volume change
[23:35:26.753] Worker: volume change
[23:35:26.789] Worker: vol changed to 97% (spotify.exe)
[23:35:27.213] KEY vk=0xAE (174), modKey=0, capturing=0
[23:35:27.213] -> VOL key, modKey=0, modPressed=1
[23:35:27.213] -> queuing volume change
[23:35:27.213] Worker: volume change
[23:35:27.231] Worker: vol changed to 96% (spotify.exe)
[23:35:27.284] KEY vk=0xAE (174), modKey=0, capturing=0
[23:35:27.284] -> VOL key, modKey=0, modPressed=1
[23:35:27.284] -> queuing volume change
[23:35:27.285] Worker: volume change
[23:35:27.312] Worker: vol changed to 95% (spotify.exe)
[23:35:27.830] KEY vk=0xAF (175), modKey=0, capturing=0
[23:35:27.831] -> VOL key, modKey=0, modPressed=1
[23:35:27.831] -> queuing volume change
[23:35:27.831] Worker: volume change
[23:35:27.873] Worker: vol changed to 96% (spotify.exe)
[23:35:28.188] KEY vk=0xAF (175), modKey=0, capturing=0
[23:35:28.189] -> VOL key, modKey=0, modPressed=1
[23:35:28.189] -> queuing volume change
[23:35:28.189] Worker: volume change
[23:35:28.222] Worker: vol changed to 97% (spotify.exe)
[23:35:28.484] KEY vk=0xAF (175), modKey=0, capturing=0
[23:35:28.484] -> VOL key, modKey=0, modPressed=1
[23:35:28.485] -> queuing volume change
[23:35:28.485] Worker: volume change
[23:35:28.511] Worker: vol changed to 98% (spotify.exe)
[23:35:28.732] KEY vk=0xAF (175), modKey=0, capturing=0
[23:35:28.732] -> VOL key, modKey=0, modPressed=1
[23:35:28.732] -> queuing volume change
[23:35:28.734] Worker: volume change
[23:35:28.786] Worker: vol changed to 99% (spotify.exe)
[23:35:28.813] KEY vk=0xAF (175), modKey=0, capturing=0
[23:35:28.813] -> VOL key, modKey=0, modPressed=1
[23:35:28.813] -> queuing volume change
[23:35:28.813] Worker: volume change
[23:35:28.850] Worker: vol changed to 100% (spotify.exe)
[23:35:31.094] ReinstallHook: OK
[23:35:36.092] ReinstallHook: OK
[23:35:41.091] ReinstallHook: OK
[23:35:46.094] ReinstallHook: OK
[23:35:51.093] ReinstallHook: OK
[23:35:56.091] ReinstallHook: OK
[23:36:01.092] ReinstallHook: OK
[23:36:06.092] ReinstallHook: OK
[23:36:11.092] ReinstallHook: OK
[23:36:16.091] ReinstallHook: OK
[23:36:21.095] ReinstallHook: OK
[23:36:26.092] ReinstallHook: OK
[23:36:31.091] ReinstallHook: OK
[23:36:36.094] ReinstallHook: OK
[23:36:41.094] ReinstallHook: OK
[23:36:46.094] ReinstallHook: OK
[23:36:51.094] ReinstallHook: OK
[23:36:56.093] ReinstallHook: OK
[23:37:01.091] ReinstallHook: OK
[23:37:06.092] ReinstallHook: OK
[23:37:11.093] ReinstallHook: OK
[23:37:16.092] ReinstallHook: OK
[23:37:21.090] ReinstallHook: OK
[23:37:26.093] ReinstallHook: OK
[23:37:31.095] ReinstallHook: OK
[23:37:36.090] ReinstallHook: OK
[23:37:41.094] ReinstallHook: OK
[23:37:46.099] ReinstallHook: OK
[23:37:51.094] ReinstallHook: OK
[23:37:56.093] ReinstallHook: OK
[23:38:01.094] ReinstallHook: OK
[23:38:06.090] ReinstallHook: OK
[23:38:11.090] ReinstallHook: OK
[23:38:16.094] ReinstallHook: OK
[23:38:21.093] ReinstallHook: OK
[23:38:24.551] KEY vk=0xA4 (164), modKey=0, capturing=0
[23:38:24.609] KEY vk=0x9 (9), modKey=0, capturing=0
[23:38:26.090] ReinstallHook: OK
[23:38:26.229] KEY vk=0xA4 (164), modKey=0, capturing=0
[23:38:26.341] KEY vk=0x9 (9), modKey=0, capturing=0
[23:38:26.600] KEY vk=0x9 (9), modKey=0, capturing=0
[23:38:31.091] ReinstallHook: OK
[23:38:36.092] ReinstallHook: OK
[23:38:39.309] KEY vk=0x5B (91), modKey=0, capturing=0
[23:38:41.091] ReinstallHook: OK
[23:38:42.560] KEY vk=0xAF (175), modKey=0, capturing=0
[23:38:42.560] -> VOL key, modKey=0, modPressed=1
[23:38:42.560] -> queuing volume change
[23:38:42.561] Worker: volume change
[23:38:42.567] Worker: vol changed to 100% (spotify.exe)
[23:38:42.614] KEY vk=0xAF (175), modKey=0, capturing=0
[23:38:42.614] -> VOL key, modKey=0, modPressed=1
[23:38:42.614] -> queuing volume change
[23:38:42.615] Worker: volume change
[23:38:42.630] Worker: vol changed to 100% (spotify.exe)
[23:38:43.062] KEY vk=0xA2 (162), modKey=0, capturing=0
[23:38:43.234] KEY vk=0x57 (87), modKey=0, capturing=0
[23:38:45.848] KEY vk=0xA2 (162), modKey=0, capturing=0
[23:38:46.029] KEY vk=0x57 (87), modKey=0, capturing=0
[23:38:46.095] ReinstallHook: OK
[23:38:50.661] KEY vk=0xA2 (162), modKey=0, capturing=0
[23:38:50.833] KEY vk=0x43 (67), modKey=0, capturing=0
[23:38:51.089] ReinstallHook: OK
[23:38:53.919] KEY vk=0xA2 (162), modKey=0, capturing=0
[23:38:54.082] KEY vk=0x43 (67), modKey=0, capturing=0
[23:38:56.103] ReinstallHook: OK
[23:38:56.435] KEY vk=0x43 (67), modKey=0, capturing=0
[23:38:57.200] KEY vk=0x8 (8), modKey=0, capturing=0
[23:38:57.375] KEY vk=0x8 (8), modKey=0, capturing=0
[23:38:58.808] KEY vk=0x59 (89), modKey=0, capturing=0
[23:38:58.911] KEY vk=0x4F (79), modKey=0, capturing=0
[23:38:59.013] KEY vk=0x55 (85), modKey=0, capturing=0
[23:38:59.248] KEY vk=0x54 (84), modKey=0, capturing=0
[23:38:59.414] KEY vk=0x49 (73), modKey=0, capturing=0
[23:38:59.788] KEY vk=0x8 (8), modKey=0, capturing=0
[23:38:59.995] KEY vk=0x55 (85), modKey=0, capturing=0
[23:39:00.159] KEY vk=0x42 (66), modKey=0, capturing=0
[23:39:00.247] KEY vk=0x45 (69), modKey=0, capturing=0
[23:39:00.351] KEY vk=0x20 (32), modKey=0, capturing=0
[23:39:00.550] KEY vk=0x44 (68), modKey=0, capturing=0
[23:39:00.596] KEY vk=0x4F (79), modKey=0, capturing=0
[23:39:00.802] KEY vk=0x57 (87), modKey=0, capturing=0
[23:39:00.877] KEY vk=0x4E (78), modKey=0, capturing=0
[23:39:01.092] ReinstallHook: OK
[23:39:01.188] KEY vk=0x4C (76), modKey=0, capturing=0
[23:39:01.389] KEY vk=0x4F (79), modKey=0, capturing=0
[23:39:01.456] KEY vk=0x41 (65), modKey=0, capturing=0
[23:39:01.523] KEY vk=0x44 (68), modKey=0, capturing=0
[23:39:01.636] KEY vk=0x20 (32), modKey=0, capturing=0
[23:39:01.857] KEY vk=0x54 (84), modKey=0, capturing=0
[23:39:02.064] KEY vk=0x48 (72), modKey=0, capturing=0
[23:39:02.156] KEY vk=0x55 (85), modKey=0, capturing=0
[23:39:02.517] KEY vk=0x4D (77), modKey=0, capturing=0
[23:39:02.693] KEY vk=0x42 (66), modKey=0, capturing=0
[23:39:03.126] KEY vk=0x4E (78), modKey=0, capturing=0
[23:39:03.214] KEY vk=0x41 (65), modKey=0, capturing=0
[23:39:03.366] KEY vk=0x49 (73), modKey=0, capturing=0
[23:39:03.579] KEY vk=0x4C (76), modKey=0, capturing=0
[23:39:03.737] KEY vk=0xD (13), modKey=0, capturing=0
[23:39:06.093] ReinstallHook: OK
[23:39:06.685] KEY vk=0xA2 (162), modKey=0, capturing=0
[23:39:06.777] KEY vk=0x56 (86), modKey=0, capturing=0
[23:39:11.094] ReinstallHook: OK
[23:39:16.090] ReinstallHook: OK
[23:39:21.094] ReinstallHook: OK
[23:39:22.697] KEY vk=0x5B (91), modKey=0, capturing=0
[23:39:26.100] ReinstallHook: OK
[23:39:31.089] ReinstallHook: OK
[23:39:36.095] ReinstallHook: OK
[23:39:37.873] KEY vk=0x4D (77), modKey=0, capturing=0
[23:39:38.005] KEY vk=0x41 (65), modKey=0, capturing=0
[23:39:38.352] KEY vk=0x58 (88), modKey=0, capturing=0
[23:39:38.607] KEY vk=0xA2 (162), modKey=0, capturing=0
[23:39:38.748] KEY vk=0x41 (65), modKey=0, capturing=0
[23:39:38.803] KEY vk=0xAE (174), modKey=0, capturing=0
[23:39:38.803] -> VOL key, modKey=0, modPressed=1
[23:39:38.803] -> queuing volume change
[23:39:38.803] Worker: volume change
[23:39:38.813] Worker: vol changed to 99% (spotify.exe)
[23:39:39.075] KEY vk=0xA0 (160), modKey=0, capturing=0
[23:39:39.109] KEY vk=0xA4 (164), modKey=0, capturing=0
[23:39:39.281] KEY vk=0xA0 (160), modKey=0, capturing=0
[23:39:39.346] KEY vk=0xA4 (164), modKey=0, capturing=0
[23:39:39.586] KEY vk=0x4D (77), modKey=0, capturing=0
[23:39:39.693] KEY vk=0x41 (65), modKey=0, capturing=0
[23:39:39.881] KEY vk=0x58 (88), modKey=0, capturing=0
[23:39:40.603] KEY vk=0x8 (8), modKey=0, capturing=0
[23:39:41.092] ReinstallHook: OK
[23:39:43.881] KEY vk=0x8 (8), modKey=0, capturing=0
[23:39:44.055] KEY vk=0x8 (8), modKey=0, capturing=0
[23:39:44.219] KEY vk=0x8 (8), modKey=0, capturing=0
[23:39:44.371] KEY vk=0x8 (8), modKey=0, capturing=0
[23:39:44.762] KEY vk=0x4D (77), modKey=0, capturing=0
[23:39:44.826] KEY vk=0x51 (81), modKey=0, capturing=0
[23:39:46.092] ReinstallHook: OK
[23:39:51.094] ReinstallHook: OK
[23:39:51.586] KEY vk=0xAE (174), modKey=0, capturing=0
[23:39:51.586] -> VOL key, modKey=0, modPressed=1
[23:39:51.586] -> queuing volume change
[23:39:51.586] Worker: volume change
[23:39:51.597] Worker: vol changed to 98% (spotify.exe)
[23:39:56.098] ReinstallHook: OK
[23:40:01.096] ReinstallHook: OK
[23:40:04.804] KEY vk=0x5B (91), modKey=0, capturing=0
[23:40:04.821] KEY vk=0xA0 (160), modKey=0, capturing=0
[23:40:04.881] KEY vk=0x53 (83), modKey=0, capturing=0
[23:40:06.091] ReinstallHook: OK
[23:40:11.094] ReinstallHook: OK
[23:40:12.491] KEY vk=0x5B (91), modKey=0, capturing=0
[23:40:15.215] KEY vk=0xA2 (162), modKey=0, capturing=0
[23:40:15.402] KEY vk=0x53 (83), modKey=0, capturing=0
[23:40:16.099] ReinstallHook: OK
[23:40:21.089] ReinstallHook: OK
[23:40:25.559] KEY vk=0x53 (83), modKey=0, capturing=0
[23:40:25.769] KEY vk=0x43 (67), modKey=0, capturing=0
[23:40:26.090] ReinstallHook: OK
[23:40:26.107] KEY vk=0x52 (82), modKey=0, capturing=0
[23:40:31.094] ReinstallHook: OK
[23:40:33.352] KEY vk=0x1B (27), modKey=0, capturing=0
[23:40:36.089] ReinstallHook: OK
[23:40:41.088] ReinstallHook: OK
[23:40:46.093] ReinstallHook: OK
[23:40:51.088] ReinstallHook: OK
[23:40:56.092] ReinstallHook: OK
[23:41:01.093] ReinstallHook: OK
[23:41:06.094] ReinstallHook: OK
[23:41:11.089] ReinstallHook: OK
[23:41:16.089] ReinstallHook: OK
[23:41:21.088] ReinstallHook: OK
[23:41:26.092] ReinstallHook: OK
[23:41:31.094] ReinstallHook: OK
[23:41:36.091] ReinstallHook: OK
[23:41:41.088] ReinstallHook: OK
[23:41:46.090] ReinstallHook: OK
[23:41:51.093] ReinstallHook: OK
[23:41:56.087] ReinstallHook: OK
[23:42:01.090] ReinstallHook: OK
[23:42:06.094] ReinstallHook: OK
[23:42:11.090] ReinstallHook: OK
[23:42:16.088] ReinstallHook: OK
[23:42:21.088] ReinstallHook: OK
[23:42:26.088] ReinstallHook: OK
[23:42:31.088] ReinstallHook: OK
[23:42:36.091] ReinstallHook: OK
[23:42:41.090] ReinstallHook: OK
[23:42:46.092] ReinstallHook: OK
[23:42:51.087] ReinstallHook: OK
[23:42:56.088] ReinstallHook: OK
[23:43:01.088] ReinstallHook: OK
[23:43:06.089] ReinstallHook: OK
[23:43:11.089] ReinstallHook: OK
[23:43:16.089] ReinstallHook: OK
[23:43:21.106] ReinstallHook: OK
[23:43:26.110] ReinstallHook: OK
[23:43:31.103] ReinstallHook: OK
[23:43:36.104] ReinstallHook: OK
[23:43:41.103] ReinstallHook: OK
[23:43:46.107] ReinstallHook: OK
[23:43:51.104] ReinstallHook: OK
[23:43:56.105] ReinstallHook: OK
[23:44:01.108] ReinstallHook: OK
[23:44:06.105] ReinstallHook: OK
[23:44:11.110] ReinstallHook: OK
[23:44:16.103] ReinstallHook: OK
[23:44:21.105] ReinstallHook: OK
[23:44:26.105] ReinstallHook: OK
[23:44:31.108] ReinstallHook: OK
[23:44:36.113] ReinstallHook: OK
[23:44:41.103] ReinstallHook: OK
[23:44:46.107] ReinstallHook: OK
[23:44:51.108] ReinstallHook: OK
[23:44:56.103] ReinstallHook: OK
[23:45:01.103] ReinstallHook: OK
[23:45:06.104] ReinstallHook: OK
[23:45:11.104] ReinstallHook: OK
[23:45:16.104] ReinstallHook: OK
[23:45:21.107] ReinstallHook: OK
[23:45:26.104] ReinstallHook: OK
[23:45:31.103] ReinstallHook: OK
[23:45:36.108] ReinstallHook: OK
[23:45:41.108] ReinstallHook: OK
[23:45:46.103] ReinstallHook: OK
[23:45:51.102] ReinstallHook: OK
[23:45:56.111] ReinstallHook: OK
[23:46:01.101] ReinstallHook: OK
[23:46:06.104] ReinstallHook: OK
[23:46:11.105] ReinstallHook: OK
[23:46:16.104] ReinstallHook: OK
[23:46:21.103] ReinstallHook: OK
[23:46:26.103] ReinstallHook: OK
[23:46:31.108] ReinstallHook: OK
[23:46:36.102] ReinstallHook: OK
[23:46:41.102] ReinstallHook: OK
[23:46:46.103] ReinstallHook: OK
[23:46:51.100] ReinstallHook: OK
[23:46:56.106] ReinstallHook: OK
[23:47:01.103] ReinstallHook: OK
[23:47:06.101] ReinstallHook: OK
[23:47:11.102] ReinstallHook: OK
[23:47:16.103] ReinstallHook: OK
[23:47:21.103] ReinstallHook: OK
[23:47:26.102] ReinstallHook: OK
[23:47:31.104] ReinstallHook: OK
[23:47:36.106] ReinstallHook: OK
[23:47:41.102] ReinstallHook: OK
[23:47:46.106] ReinstallHook: OK
[23:47:51.101] ReinstallHook: OK
[23:47:56.102] ReinstallHook: OK
[23:48:01.103] ReinstallHook: OK
[23:48:06.108] ReinstallHook: OK
[23:48:11.103] ReinstallHook: OK
[23:48:16.102] ReinstallHook: OK
[23:48:21.103] ReinstallHook: OK
[23:48:26.101] ReinstallHook: OK
[23:48:31.104] ReinstallHook: OK
[23:48:36.103] ReinstallHook: OK
[23:48:41.103] ReinstallHook: OK
[23:48:46.105] ReinstallHook: OK
[23:48:51.102] ReinstallHook: OK
[23:48:56.101] ReinstallHook: OK
[23:49:01.102] ReinstallHook: OK
[23:49:06.102] ReinstallHook: OK
[23:49:11.103] ReinstallHook: OK
[23:49:16.100] ReinstallHook: OK
[23:49:21.103] ReinstallHook: OK
[23:49:26.100] ReinstallHook: OK
[23:49:31.099] ReinstallHook: OK
[23:49:36.101] ReinstallHook: OK
[23:49:41.100] ReinstallHook: OK
[23:49:46.104] ReinstallHook: OK
[23:49:51.103] ReinstallHook: OK
[23:49:56.104] ReinstallHook: OK
[23:50:01.102] ReinstallHook: OK
[23:50:06.101] ReinstallHook: OK
[23:50:11.100] ReinstallHook: OK
[23:50:16.100] ReinstallHook: OK
[23:50:21.099] ReinstallHook: OK
[23:50:26.104] ReinstallHook: OK
[23:50:31.100] ReinstallHook: OK
[23:50:36.103] ReinstallHook: OK
[23:50:41.100] ReinstallHook: OK
[23:50:46.100] ReinstallHook: OK
[23:50:51.101] ReinstallHook: OK
[23:50:56.103] ReinstallHook: OK
[23:51:01.099] ReinstallHook: OK
[23:51:06.104] ReinstallHook: OK
[23:51:11.100] ReinstallHook: OK
[23:51:16.100] ReinstallHook: OK
[23:51:21.101] ReinstallHook: OK
[23:51:26.101] ReinstallHook: OK
[23:51:31.102] ReinstallHook: OK
[23:51:36.101] ReinstallHook: OK
[23:51:41.102] ReinstallHook: OK
[23:51:46.099] ReinstallHook: OK
[23:51:51.115] ReinstallHook: OK
[23:51:56.116] ReinstallHook: OK
[23:52:01.116] ReinstallHook: OK
[23:52:06.118] ReinstallHook: OK
[23:52:11.118] ReinstallHook: OK
[23:52:16.116] ReinstallHook: OK
[23:52:21.114] ReinstallHook: OK
[23:52:26.117] ReinstallHook: OK
[23:52:31.117] ReinstallHook: OK
[23:52:36.118] ReinstallHook: OK
[23:52:41.117] ReinstallHook: OK
[23:52:46.115] ReinstallHook: OK
[23:52:51.118] ReinstallHook: OK
[23:52:56.114] ReinstallHook: OK
[23:53:01.114] ReinstallHook: OK
[23:53:06.119] ReinstallHook: OK
[23:53:11.120] ReinstallHook: OK
[23:53:16.115] ReinstallHook: OK
[23:53:21.114] ReinstallHook: OK
[23:53:26.116] ReinstallHook: OK
[23:53:31.115] ReinstallHook: OK
[23:53:36.117] ReinstallHook: OK
[23:53:41.116] ReinstallHook: OK
[23:53:46.115] ReinstallHook: OK
[23:53:51.118] ReinstallHook: OK
[23:53:56.114] ReinstallHook: OK
[23:54:01.115] ReinstallHook: OK
[23:54:06.113] ReinstallHook: OK
[23:54:11.114] ReinstallHook: OK
[23:54:16.116] ReinstallHook: OK
[23:54:21.115] ReinstallHook: OK
[23:54:26.120] ReinstallHook: OK
[23:54:31.114] ReinstallHook: OK
[23:54:36.115] ReinstallHook: OK
[23:54:41.115] ReinstallHook: OK
[23:54:46.114] ReinstallHook: OK
[23:54:51.119] ReinstallHook: OK
[23:54:56.113] ReinstallHook: OK
[23:55:01.113] ReinstallHook: OK
[23:55:06.114] ReinstallHook: OK
[23:55:11.116] ReinstallHook: OK
[23:55:16.112] ReinstallHook: OK
[23:55:21.117] ReinstallHook: OK
[23:55:26.117] ReinstallHook: OK
[23:55:31.119] ReinstallHook: OK
[23:55:36.115] ReinstallHook: OK
[23:55:41.117] ReinstallHook: OK
[23:55:46.117] ReinstallHook: OK
[23:55:51.112] ReinstallHook: OK
[23:55:56.119] ReinstallHook: OK
[23:56:01.112] ReinstallHook: OK
[23:56:06.115] ReinstallHook: OK
[23:56:11.119] ReinstallHook: OK
[23:56:16.113] ReinstallHook: OK
[23:56:21.114] ReinstallHook: OK
[23:56:26.113] ReinstallHook: OK
[23:56:31.116] ReinstallHook: OK
[23:56:36.113] ReinstallHook: OK
[23:56:41.116] ReinstallHook: OK
[23:56:46.117] ReinstallHook: OK
[23:56:51.115] ReinstallHook: OK
[23:56:56.113] ReinstallHook: OK
[23:57:01.113] ReinstallHook: OK
[23:57:06.113] ReinstallHook: OK
[23:57:11.112] ReinstallHook: OK
[23:57:16.113] ReinstallHook: OK
[23:57:21.113] ReinstallHook: OK
[23:57:26.112] ReinstallHook: OK
[23:57:31.114] ReinstallHook: OK
[23:57:36.115] ReinstallHook: OK
[23:57:41.112] ReinstallHook: OK
[23:57:46.114] ReinstallHook: OK
[23:57:51.112] ReinstallHook: OK
[23:57:56.112] ReinstallHook: OK
[23:58:01.112] ReinstallHook: OK
[23:58:06.113] ReinstallHook: OK
[23:58:11.113] ReinstallHook: OK
[23:58:16.113] ReinstallHook: OK
[23:58:21.112] ReinstallHook: OK
[23:58:26.113] ReinstallHook: OK
[23:58:31.117] ReinstallHook: OK
[23:58:36.113] ReinstallHook: OK
[23:58:41.118] ReinstallHook: OK
[23:58:46.113] ReinstallHook: OK
[23:58:51.113] ReinstallHook: OK
[23:58:56.113] ReinstallHook: OK
[23:59:01.113] ReinstallHook: OK
[23:59:06.112] ReinstallHook: OK
[23:59:11.113] ReinstallHook: OK
[23:59:16.115] ReinstallHook: OK
[23:59:21.115] ReinstallHook: OK
[23:59:26.115] ReinstallHook: OK
[23:59:31.113] ReinstallHook: OK
[23:59:36.112] ReinstallHook: OK
[23:59:41.117] ReinstallHook: OK
[23:59:46.111] ReinstallHook: OK
[23:59:51.115] ReinstallHook: OK
[23:59:56.116] ReinstallHook: OK
[00:00:01.115] ReinstallHook: OK
[00:00:06.113] ReinstallHook: OK
[00:00:11.112] ReinstallHook: OK
[00:00:16.114] ReinstallHook: OK
[00:00:21.115] ReinstallHook: OK
[00:00:26.113] ReinstallHook: OK
[00:00:31.115] ReinstallHook: OK
[00:00:36.110] ReinstallHook: OK
[00:00:41.113] ReinstallHook: OK
[00:00:46.111] ReinstallHook: OK
[00:00:51.111] ReinstallHook: OK
[00:00:56.113] ReinstallHook: OK
[00:01:01.112] ReinstallHook: OK
[00:01:06.112] ReinstallHook: OK
[00:01:11.111] ReinstallHook: OK
[00:01:16.134] ReinstallHook: OK
[00:01:21.126] ReinstallHook: OK
[00:01:26.126] ReinstallHook: OK
[00:01:31.125] ReinstallHook: OK
[00:01:36.127] ReinstallHook: OK
[00:01:41.127] ReinstallHook: OK
[00:01:46.127] ReinstallHook: OK
[00:01:51.128] ReinstallHook: OK
[00:01:56.128] ReinstallHook: OK
[00:02:01.128] ReinstallHook: OK
[00:02:06.130] ReinstallHook: OK
[00:02:11.126] ReinstallHook: OK
[00:02:16.127] ReinstallHook: OK
[00:02:21.126] ReinstallHook: OK
[00:02:26.130] ReinstallHook: OK
[00:02:31.131] ReinstallHook: OK
[00:02:36.126] ReinstallHook: OK
[00:02:41.128] ReinstallHook: OK
[00:02:46.128] ReinstallHook: OK
[00:02:51.128] ReinstallHook: OK
[00:02:56.126] ReinstallHook: OK
[00:03:01.125] ReinstallHook: OK
[00:03:06.125] ReinstallHook: OK
[00:03:11.128] ReinstallHook: OK
[00:03:16.133] ReinstallHook: OK
[00:03:21.128] ReinstallHook: OK
[00:03:26.126] ReinstallHook: OK
[00:03:31.127] ReinstallHook: OK
[00:03:36.128] ReinstallHook: OK
[00:03:41.129] ReinstallHook: OK
[00:03:46.129] ReinstallHook: OK
[00:03:51.125] ReinstallHook: OK
[00:03:56.127] ReinstallHook: OK
[00:04:01.128] ReinstallHook: OK
[00:04:06.125] ReinstallHook: OK
[00:04:11.127] ReinstallHook: OK
[00:04:16.129] ReinstallHook: OK
[00:04:21.128] ReinstallHook: OK
[00:04:26.125] ReinstallHook: OK
[00:04:31.126] ReinstallHook: OK
[00:04:36.125] ReinstallHook: OK
[00:04:41.126] ReinstallHook: OK
[00:04:46.125] ReinstallHook: OK
[00:04:51.126] ReinstallHook: OK
[00:04:56.125] ReinstallHook: OK
[00:05:01.127] ReinstallHook: OK
[00:05:06.125] ReinstallHook: OK
[00:05:11.129] ReinstallHook: OK
[00:05:16.125] ReinstallHook: OK
[00:05:21.126] ReinstallHook: OK
[00:05:26.124] ReinstallHook: OK
[00:05:31.128] ReinstallHook: OK
[00:05:36.130] ReinstallHook: OK
[00:05:41.138] ReinstallHook: OK
[00:05:46.125] ReinstallHook: OK
[00:05:51.129] ReinstallHook: OK
[00:05:56.124] ReinstallHook: OK
[00:06:01.126] ReinstallHook: OK
[00:06:06.133] ReinstallHook: OK
[00:06:11.126] ReinstallHook: OK
[00:06:16.130] ReinstallHook: OK
[00:06:21.126] ReinstallHook: OK
[00:06:26.125] ReinstallHook: OK
[00:06:31.124] ReinstallHook: OK
[00:06:36.125] ReinstallHook: OK
[00:06:41.126] ReinstallHook: OK
[00:06:46.124] ReinstallHook: OK
[00:06:51.126] ReinstallHook: OK
[00:06:56.124] ReinstallHook: OK
[00:07:01.126] ReinstallHook: OK
[00:07:06.129] ReinstallHook: OK
[00:07:11.123] ReinstallHook: OK
[00:07:16.123] ReinstallHook: OK
[00:07:21.123] ReinstallHook: OK
[00:07:26.126] ReinstallHook: OK
[00:07:31.125] ReinstallHook: OK
[00:07:36.128] ReinstallHook: OK
[00:07:41.126] ReinstallHook: OK
[00:07:46.128] ReinstallHook: OK
[00:07:51.132] ReinstallHook: OK
[00:07:56.123] ReinstallHook: OK
[00:08:01.128] ReinstallHook: OK
[00:08:06.123] ReinstallHook: OK
[00:08:11.124] ReinstallHook: OK
[00:08:16.123] ReinstallHook: OK
[00:08:21.123] ReinstallHook: OK
[00:08:26.123] ReinstallHook: OK
[00:08:31.125] ReinstallHook: OK
[00:08:36.126] ReinstallHook: OK
[00:08:41.124] ReinstallHook: OK
[00:08:46.128] ReinstallHook: OK
[00:08:51.129] ReinstallHook: OK
[00:08:56.126] ReinstallHook: OK
[00:09:01.127] ReinstallHook: OK
[00:09:06.127] ReinstallHook: OK
[00:09:11.124] ReinstallHook: OK
[00:09:16.124] ReinstallHook: OK
[00:09:21.125] ReinstallHook: OK
[00:09:26.123] ReinstallHook: OK
[00:09:31.127] ReinstallHook: OK
[00:09:36.124] ReinstallHook: OK
[00:09:41.122] ReinstallHook: OK
[00:09:46.123] ReinstallHook: OK
[00:09:51.124] ReinstallHook: OK
[00:09:56.127] ReinstallHook: OK
[00:10:01.124] ReinstallHook: OK
[00:10:06.124] ReinstallHook: OK
[00:10:11.126] ReinstallHook: OK
[00:10:16.125] ReinstallHook: OK
[00:10:21.122] ReinstallHook: OK
[00:10:26.125] ReinstallHook: OK
[00:10:31.124] ReinstallHook: OK
[00:10:36.125] ReinstallHook: OK
[00:10:41.123] ReinstallHook: OK
[00:10:46.125] ReinstallHook: OK
[00:10:51.124] ReinstallHook: OK
[00:10:56.127] ReinstallHook: OK
[00:11:01.124] ReinstallHook: OK
[00:11:06.125] ReinstallHook: OK
[00:11:11.127] ReinstallHook: OK
[00:11:16.127] ReinstallHook: OK
[00:11:21.121] ReinstallHook: OK
[00:11:26.128] ReinstallHook: OK
[00:11:31.125] ReinstallHook: OK
[00:11:36.122] ReinstallHook: OK
[00:11:41.122] ReinstallHook: OK
[00:11:46.121] ReinstallHook: OK
[00:11:51.127] ReinstallHook: OK
[00:11:56.121] ReinstallHook: OK
[00:12:01.121] ReinstallHook: OK
[00:12:06.126] ReinstallHook: OK
[00:12:11.122] ReinstallHook: OK
[00:12:16.126] ReinstallHook: OK
[00:12:21.122] ReinstallHook: OK
[00:12:26.123] ReinstallHook: OK
[00:12:31.123] ReinstallHook: OK
[00:12:36.122] ReinstallHook: OK
[00:12:41.124] ReinstallHook: OK
[00:12:46.122] ReinstallHook: OK
[00:12:51.122] ReinstallHook: OK
[00:12:56.122] ReinstallHook: OK
[00:13:01.124] ReinstallHook: OK
[00:13:06.124] ReinstallHook: OK
[00:13:11.124] ReinstallHook: OK
[00:13:16.124] ReinstallHook: OK
[00:13:21.123] ReinstallHook: OK
[00:13:26.121] ReinstallHook: OK
[00:13:31.121] ReinstallHook: OK
[00:13:36.125] ReinstallHook: OK
[00:13:41.123] ReinstallHook: OK
[00:13:46.139] ReinstallHook: OK
[00:13:51.144] ReinstallHook: OK
[00:13:56.137] ReinstallHook: OK
[00:14:01.137] ReinstallHook: OK
[00:14:06.139] ReinstallHook: OK
[00:14:11.143] ReinstallHook: OK
[00:14:16.142] ReinstallHook: OK
[00:14:21.141] ReinstallHook: OK
[00:14:26.143] ReinstallHook: OK
[00:14:31.141] ReinstallHook: OK
[00:14:36.138] ReinstallHook: OK
[00:14:41.142] ReinstallHook: OK
[00:14:46.144] ReinstallHook: OK
[00:14:51.141] ReinstallHook: OK
[00:14:56.137] ReinstallHook: OK
[00:15:01.139] ReinstallHook: OK
[00:15:06.141] ReinstallHook: OK
[00:15:11.136] ReinstallHook: OK
[00:15:16.140] ReinstallHook: OK
[00:15:21.143] ReinstallHook: OK
[00:15:26.137] ReinstallHook: OK
[00:15:31.142] ReinstallHook: OK
[00:15:36.140] ReinstallHook: OK
[00:15:41.136] ReinstallHook: OK
[00:15:46.141] ReinstallHook: OK
[00:15:51.142] ReinstallHook: OK
[00:15:56.139] ReinstallHook: OK
[00:16:01.138] ReinstallHook: OK
[00:16:06.139] ReinstallHook: OK
[00:16:11.142] ReinstallHook: OK
[00:16:16.139] ReinstallHook: OK
[00:16:21.137] ReinstallHook: OK
[00:16:26.143] ReinstallHook: OK
[00:16:31.137] ReinstallHook: OK
[00:16:36.141] ReinstallHook: OK
[00:16:41.143] ReinstallHook: OK
[00:16:46.136] ReinstallHook: OK
[00:16:51.140] ReinstallHook: OK
[00:16:56.138] ReinstallHook: OK
[00:17:01.135] ReinstallHook: OK
[00:17:06.139] ReinstallHook: OK
[00:17:11.138] ReinstallHook: OK
[00:17:16.137] ReinstallHook: OK
[00:17:21.140] ReinstallHook: OK
[00:17:26.137] ReinstallHook: OK
[00:17:31.139] ReinstallHook: OK
[00:17:36.136] ReinstallHook: OK
[00:17:41.137] ReinstallHook: OK
[00:17:46.137] ReinstallHook: OK
[00:17:51.141] ReinstallHook: OK
[00:17:56.140] ReinstallHook: OK
[00:18:01.142] ReinstallHook: OK
[00:18:06.137] ReinstallHook: OK
[00:18:11.138] ReinstallHook: OK
[00:18:16.135] ReinstallHook: OK
[00:18:21.137] ReinstallHook: OK
[00:18:26.138] ReinstallHook: OK
[00:18:31.137] ReinstallHook: OK
[00:18:36.136] ReinstallHook: OK
[00:18:41.136] ReinstallHook: OK
[00:18:46.138] ReinstallHook: OK
[00:18:51.137] ReinstallHook: OK
[00:18:56.138] ReinstallHook: OK
[00:19:01.138] ReinstallHook: OK
[00:19:06.141] ReinstallHook: OK
[00:19:11.135] ReinstallHook: OK
[00:19:16.136] ReinstallHook: OK
[00:19:21.137] ReinstallHook: OK
[00:19:26.136] ReinstallHook: OK
[00:19:31.134] ReinstallHook: OK
[00:19:36.134] ReinstallHook: OK
[00:19:41.141] ReinstallHook: OK
[00:19:46.134] ReinstallHook: OK
[00:19:51.135] ReinstallHook: OK
[00:19:56.136] ReinstallHook: OK
[00:20:01.134] ReinstallHook: OK
[00:20:06.136] ReinstallHook: OK
[00:20:11.136] ReinstallHook: OK
[00:20:16.135] ReinstallHook: OK
[00:20:21.135] ReinstallHook: OK
[00:20:26.136] ReinstallHook: OK
[00:20:31.135] ReinstallHook: OK
[00:20:36.138] ReinstallHook: OK
[00:20:41.136] ReinstallHook: OK
[00:20:46.137] ReinstallHook: OK
[00:20:51.136] ReinstallHook: OK
[00:20:56.134] ReinstallHook: OK
[00:21:01.140] ReinstallHook: OK
[00:21:06.141] ReinstallHook: OK
[00:21:11.139] ReinstallHook: OK
[00:21:16.136] ReinstallHook: OK
[00:21:21.136] ReinstallHook: OK
[00:21:26.136] ReinstallHook: OK
[00:21:31.136] ReinstallHook: OK
[00:21:36.136] ReinstallHook: OK
[00:21:41.134] ReinstallHook: OK
[00:21:46.137] ReinstallHook: OK
[00:21:51.140] ReinstallHook: OK
[00:21:56.134] ReinstallHook: OK
[00:22:01.137] ReinstallHook: OK
[00:22:06.141] ReinstallHook: OK
[00:22:11.136] ReinstallHook: OK
[00:22:16.136] ReinstallHook: OK
[00:22:21.136] ReinstallHook: OK
[00:22:26.137] ReinstallHook: OK
[00:22:31.134] ReinstallHook: OK
[00:22:36.137] ReinstallHook: OK
[00:22:41.134] ReinstallHook: OK
[00:22:46.134] ReinstallHook: OK
[00:22:51.137] ReinstallHook: OK
[00:22:56.133] ReinstallHook: OK
[00:23:01.133] ReinstallHook: OK
[00:23:06.134] ReinstallHook: OK
[00:23:11.136] ReinstallHook: OK
[00:23:16.134] ReinstallHook: OK
[00:23:21.134] ReinstallHook: OK
[00:23:26.133] ReinstallHook: OK
[00:23:31.134] ReinstallHook: OK
[00:23:36.135] ReinstallHook: OK
[00:23:41.134] ReinstallHook: OK
[00:23:46.134] ReinstallHook: OK
[00:23:51.133] ReinstallHook: OK
[00:23:56.134] ReinstallHook: OK
[00:24:01.135] ReinstallHook: OK
[00:24:06.134] ReinstallHook: OK
[00:24:11.136] ReinstallHook: OK
[00:24:16.143] ReinstallHook: OK
[00:24:21.134] ReinstallHook: OK
[00:24:26.134] ReinstallHook: OK
[00:24:31.136] ReinstallHook: OK
[00:24:36.134] ReinstallHook: OK
[00:24:41.133] ReinstallHook: OK
[00:24:46.133] ReinstallHook: OK
[00:24:51.135] ReinstallHook: OK
[00:24:56.134] ReinstallHook: OK
[00:25:01.133] ReinstallHook: OK
[00:25:06.135] ReinstallHook: OK
[00:25:11.134] ReinstallHook: OK
[00:25:16.133] ReinstallHook: OK
[00:25:21.138] ReinstallHook: OK
[00:25:26.132] ReinstallHook: OK
[00:25:31.152] ReinstallHook: OK
[00:25:36.152] ReinstallHook: OK
[00:25:41.155] ReinstallHook: OK
[00:25:46.149] ReinstallHook: OK
[00:25:51.147] ReinstallHook: OK
[00:25:56.147] ReinstallHook: OK
[00:26:01.148] ReinstallHook: OK
[00:26:06.150] ReinstallHook: OK
[00:26:11.151] ReinstallHook: OK
[00:26:16.150] ReinstallHook: OK
[00:26:21.152] ReinstallHook: OK
[00:26:26.159] ReinstallHook: OK
[00:26:31.150] ReinstallHook: OK
[00:26:36.149] ReinstallHook: OK
[00:26:41.147] ReinstallHook: OK
[00:26:46.147] ReinstallHook: OK
[00:26:51.149] ReinstallHook: OK
[00:26:56.148] ReinstallHook: OK
[00:27:01.148] ReinstallHook: OK
[00:27:06.149] ReinstallHook: OK
[00:27:11.149] ReinstallHook: OK
[00:27:16.149] ReinstallHook: OK
[00:27:21.148] ReinstallHook: OK
[00:27:26.152] ReinstallHook: OK
[00:27:31.149] ReinstallHook: OK
[00:27:36.146] ReinstallHook: OK
[00:27:41.148] ReinstallHook: OK
[00:27:46.148] ReinstallHook: OK
[00:27:51.149] ReinstallHook: OK
[00:27:56.146] ReinstallHook: OK
[00:28:01.148] ReinstallHook: OK
[00:28:06.147] ReinstallHook: OK
[00:28:11.147] ReinstallHook: OK
[00:28:16.150] ReinstallHook: OK
[00:28:21.148] ReinstallHook: OK
[00:28:26.147] ReinstallHook: OK
[00:28:31.149] ReinstallHook: OK
[00:28:36.152] ReinstallHook: OK
[00:28:41.149] ReinstallHook: OK
[00:28:46.148] ReinstallHook: OK
[00:28:51.148] ReinstallHook: OK
[00:28:56.148] ReinstallHook: OK
[00:29:01.147] ReinstallHook: OK
[00:29:06.170] ReinstallHook: OK
[00:29:11.149] ReinstallHook: OK
[00:29:16.148] ReinstallHook: OK
[00:29:21.150] ReinstallHook: OK
[00:29:26.147] ReinstallHook: OK
[00:29:31.151] ReinstallHook: OK
[00:29:36.148] ReinstallHook: OK
[00:29:41.146] ReinstallHook: OK
[00:29:46.146] ReinstallHook: OK
[00:29:51.148] ReinstallHook: OK
[00:29:56.146] ReinstallHook: OK
[00:30:01.180] ReinstallHook: OK
[00:30:06.147] ReinstallHook: OK
[00:30:11.148] ReinstallHook: OK
[00:30:16.148] ReinstallHook: OK
[00:30:21.147] ReinstallHook: OK
[00:30:26.152] ReinstallHook: OK
[00:30:31.148] ReinstallHook: OK
[00:30:36.147] ReinstallHook: OK
[00:30:41.146] ReinstallHook: OK
[00:30:46.147] ReinstallHook: OK
[00:30:51.147] ReinstallHook: OK
[00:30:56.148] ReinstallHook: OK
[00:31:01.148] ReinstallHook: OK
[00:31:06.147] ReinstallHook: OK
[00:31:11.154] ReinstallHook: OK
[00:31:16.146] ReinstallHook: OK
[00:31:21.146] ReinstallHook: OK
[00:31:26.146] ReinstallHook: OK
[00:31:31.147] ReinstallHook: OK
[00:31:36.146] ReinstallHook: OK
[00:31:41.146] ReinstallHook: OK
[00:31:46.147] ReinstallHook: OK
[00:31:51.149] ReinstallHook: OK
[00:31:56.146] ReinstallHook: OK
[00:32:01.148] ReinstallHook: OK
[00:32:06.145] ReinstallHook: OK
[00:32:11.150] ReinstallHook: OK
[00:32:16.145] ReinstallHook: OK
[00:32:21.147] ReinstallHook: OK
[00:32:26.147] ReinstallHook: OK
[00:32:31.145] ReinstallHook: OK
[00:32:36.145] ReinstallHook: OK
[00:32:41.148] ReinstallHook: OK
[00:32:46.145] ReinstallHook: OK
[00:32:51.148] ReinstallHook: OK
[00:32:56.146] ReinstallHook: OK
[00:33:01.148] ReinstallHook: OK
[00:33:06.146] ReinstallHook: OK
[00:33:11.151] ReinstallHook: OK
[00:33:16.148] ReinstallHook: OK
[00:33:21.145] ReinstallHook: OK
[00:33:26.147] ReinstallHook: OK
[00:33:31.148] ReinstallHook: OK
[00:33:36.145] ReinstallHook: OK
[00:33:41.145] ReinstallHook: OK
[00:33:46.144] ReinstallHook: OK
[00:33:51.146] ReinstallHook: OK
[00:33:56.146] ReinstallHook: OK
[00:34:01.148] ReinstallHook: OK
[00:34:06.144] ReinstallHook: OK
[00:34:11.147] ReinstallHook: OK
[00:34:16.149] ReinstallHook: OK
[00:34:21.149] ReinstallHook: OK
[00:34:26.146] ReinstallHook: OK
[00:34:31.148] ReinstallHook: OK
[00:34:36.144] ReinstallHook: OK
[00:34:41.146] ReinstallHook: OK
[00:34:46.144] ReinstallHook: OK
[00:34:51.148] ReinstallHook: OK
[00:34:56.144] ReinstallHook: OK
[00:35:01.146] ReinstallHook: OK
[00:35:06.152] ReinstallHook: OK
[00:35:11.151] ReinstallHook: OK
[00:35:16.148] ReinstallHook: OK
[00:35:21.144] ReinstallHook: OK
[00:35:26.144] ReinstallHook: OK
[00:35:31.148] ReinstallHook: OK
[00:35:36.145] ReinstallHook: OK
[00:35:41.145] ReinstallHook: OK
[00:35:46.144] ReinstallHook: OK
[00:35:51.146] ReinstallHook: OK
[00:35:56.145] ReinstallHook: OK
[00:36:01.151] ReinstallHook: OK
[00:36:06.151] ReinstallHook: OK
[00:36:11.158] ReinstallHook: OK
[00:36:16.147] ReinstallHook: OK
[00:36:21.145] ReinstallHook: OK
[00:36:26.158] ReinstallHook: OK
[00:36:31.145] ReinstallHook: OK
[00:36:36.149] ReinstallHook: OK
[00:36:41.156] ReinstallHook: OK
[00:36:46.145] ReinstallHook: OK
[00:36:51.147] ReinstallHook: OK
[00:36:56.143] ReinstallHook: OK
[00:37:01.150] ReinstallHook: OK
[00:37:06.143] ReinstallHook: OK
[00:37:11.144] ReinstallHook: OK
[00:37:16.143] ReinstallHook: OK
[00:37:21.151] ReinstallHook: OK
[00:37:26.144] ReinstallHook: OK
[00:37:31.161] ReinstallHook: OK
[00:37:36.159] ReinstallHook: OK
[00:37:41.161] ReinstallHook: OK
[00:37:46.160] ReinstallHook: OK
[00:37:51.159] ReinstallHook: OK
[00:37:56.159] ReinstallHook: OK
[00:38:01.161] ReinstallHook: OK
[00:38:06.162] ReinstallHook: OK
[00:38:11.162] ReinstallHook: OK
[00:38:16.159] ReinstallHook: OK
[00:38:21.163] ReinstallHook: OK
[00:38:26.159] ReinstallHook: OK
[00:38:31.159] ReinstallHook: OK
[00:38:36.160] ReinstallHook: OK
[00:38:41.166] ReinstallHook: OK
[00:38:46.158] ReinstallHook: OK
[00:38:51.162] ReinstallHook: OK
[00:38:56.159] ReinstallHook: OK
[00:39:01.162] ReinstallHook: OK
[00:39:06.161] ReinstallHook: OK
[00:39:11.166] ReinstallHook: OK
[00:39:16.158] ReinstallHook: OK
[00:39:21.159] ReinstallHook: OK
[00:39:26.165] ReinstallHook: OK
[00:39:31.166] ReinstallHook: OK
[00:39:36.159] ReinstallHook: OK
[00:39:41.163] ReinstallHook: OK
[00:39:46.158] ReinstallHook: OK
[00:39:51.159] ReinstallHook: OK
[00:39:56.161] ReinstallHook: OK
[00:40:01.165] ReinstallHook: OK
[00:40:06.158] ReinstallHook: OK
[00:40:11.159] ReinstallHook: OK
[00:40:16.165] ReinstallHook: OK
[00:40:21.165] ReinstallHook: OK
[00:40:26.159] ReinstallHook: OK
[00:40:31.164] ReinstallHook: OK
[00:40:36.162] ReinstallHook: OK
[00:40:41.166] ReinstallHook: OK
[00:40:46.158] ReinstallHook: OK
[00:40:51.161] ReinstallHook: OK
[00:40:56.157] ReinstallHook: OK
[00:41:01.158] ReinstallHook: OK
[00:41:06.157] ReinstallHook: OK
[00:41:11.162] ReinstallHook: OK
[00:41:16.158] ReinstallHook: OK
[00:41:21.163] ReinstallHook: OK
[00:41:26.157] ReinstallHook: OK
[00:41:31.166] ReinstallHook: OK
[00:41:36.158] ReinstallHook: OK
[00:41:41.160] ReinstallHook: OK
[00:41:46.157] ReinstallHook: OK
[00:41:51.161] ReinstallHook: OK
[00:41:56.158] ReinstallHook: OK
[00:42:01.165] ReinstallHook: OK
[00:42:06.157] ReinstallHook: OK
[00:42:11.160] ReinstallHook: OK
[00:42:16.163] ReinstallHook: OK
[00:42:21.157] ReinstallHook: OK
[00:42:26.158] ReinstallHook: OK
[00:42:31.160] ReinstallHook: OK
[00:42:36.158] ReinstallHook: OK
[00:42:41.162] ReinstallHook: OK
[00:42:46.162] ReinstallHook: OK
[00:42:51.157] ReinstallHook: OK
[00:42:56.160] ReinstallHook: OK
[00:43:01.165] ReinstallHook: OK
[00:43:06.157] ReinstallHook: OK
[00:43:11.159] ReinstallHook: OK
[00:43:16.160] ReinstallHook: OK
[00:43:21.157] ReinstallHook: OK
[00:43:26.158] ReinstallHook: OK
[00:43:31.158] ReinstallHook: OK
[00:43:36.159] ReinstallHook: OK
[00:43:41.159] ReinstallHook: OK
[00:43:46.157] ReinstallHook: OK
[00:43:51.159] ReinstallHook: OK
[00:43:56.157] ReinstallHook: OK
[00:44:01.159] ReinstallHook: OK
[00:44:06.158] ReinstallHook: OK
[00:44:11.161] ReinstallHook: OK
[00:44:16.156] ReinstallHook: OK
[00:44:21.163] ReinstallHook: OK
[00:44:26.156] ReinstallHook: OK
[00:44:31.156] ReinstallHook: OK
[00:44:36.157] ReinstallHook: OK
[00:44:41.157] ReinstallHook: OK
[00:44:46.159] ReinstallHook: OK
[00:44:51.160] ReinstallHook: OK
[00:44:56.160] ReinstallHook: OK
[00:45:01.156] ReinstallHook: OK
[00:45:06.156] ReinstallHook: OK
[00:45:11.157] ReinstallHook: OK
[00:45:16.156] ReinstallHook: OK
[00:45:21.158] ReinstallHook: OK
[00:45:26.157] ReinstallHook: OK
[00:45:31.164] ReinstallHook: OK
[00:45:36.156] ReinstallHook: OK
[00:45:41.156] ReinstallHook: OK
[00:45:46.156] ReinstallHook: OK
[00:45:51.156] ReinstallHook: OK
[00:45:56.157] ReinstallHook: OK
[00:46:01.164] ReinstallHook: OK
[00:46:06.156] ReinstallHook: OK
[00:46:11.158] ReinstallHook: OK
[00:46:16.156] ReinstallHook: OK
[00:46:21.157] ReinstallHook: OK
[00:46:26.156] ReinstallHook: OK
[00:46:31.162] ReinstallHook: OK
[00:46:36.155] ReinstallHook: OK
[00:46:41.159] ReinstallHook: OK
[00:46:46.159] ReinstallHook: OK
[00:46:51.159] ReinstallHook: OK
[00:46:56.158] ReinstallHook: OK
[00:47:01.159] ReinstallHook: OK
[00:47:06.156] ReinstallHook: OK
[00:47:11.163] ReinstallHook: OK
[00:47:16.156] ReinstallHook: OK
[00:47:21.160] ReinstallHook: OK
[00:47:26.156] ReinstallHook: OK
[00:47:31.156] ReinstallHook: OK
[00:47:36.156] ReinstallHook: OK
[00:47:41.161] ReinstallHook: OK
[00:47:46.164] ReinstallHook: OK
[00:47:51.159] ReinstallHook: OK
[00:47:56.156] ReinstallHook: OK
[00:48:01.155] ReinstallHook: OK
[00:48:06.155] ReinstallHook: OK
[00:48:11.157] ReinstallHook: OK
[00:48:16.163] ReinstallHook: OK
[00:48:21.156] ReinstallHook: OK
[00:48:26.156] ReinstallHook: OK
[00:48:31.156] ReinstallHook: OK
[00:48:36.155] ReinstallHook: OK
[00:48:41.157] ReinstallHook: OK
[00:48:46.155] ReinstallHook: OK
[00:48:51.160] ReinstallHook: OK
[00:48:56.155] ReinstallHook: OK
[00:49:01.163] ReinstallHook: OK
[00:49:06.155] ReinstallHook: OK
[00:49:11.157] ReinstallHook: OK
[00:49:16.156] ReinstallHook: OK
[00:49:21.155] ReinstallHook: OK
[00:49:26.155] ReinstallHook: OK
[00:49:31.156] ReinstallHook: OK
[00:49:36.156] ReinstallHook: OK
[00:49:41.156] ReinstallHook: OK
[00:49:46.155] ReinstallHook: OK
[00:49:51.155] ReinstallHook: OK
[00:49:56.155] ReinstallHook: OK
[00:50:01.156] ReinstallHook: OK
[00:50:06.155] ReinstallHook: OK
[00:50:11.155] ReinstallHook: OK
[00:50:16.155] ReinstallHook: OK
[00:50:21.155] ReinstallHook: OK
[00:50:26.154] ReinstallHook: OK
[00:50:31.155] ReinstallHook: OK
[00:50:36.155] ReinstallHook: OK
[00:50:41.156] ReinstallHook: OK
[00:50:46.155] ReinstallHook: OK
[00:50:48.000] KEY vk=0x1B (27), modKey=0, capturing=0
[00:50:51.173] ReinstallHook: OK
[00:50:56.170] ReinstallHook: OK
[00:51:01.173] ReinstallHook: OK
[00:51:06.171] ReinstallHook: OK
[00:51:11.176] ReinstallHook: OK
[00:51:16.170] ReinstallHook: OK
[00:51:21.172] ReinstallHook: OK
[00:51:26.170] ReinstallHook: OK
[00:51:31.176] ReinstallHook: OK
[00:51:36.169] ReinstallHook: OK
[00:51:41.170] ReinstallHook: OK
[00:51:46.170] ReinstallHook: OK
[00:51:46.663] KEY vk=0x5B (91), modKey=0, capturing=0
[00:51:50.187] KEY vk=0xAE (174), modKey=0, capturing=0
[00:51:50.187] -> VOL key, modKey=0, modPressed=1
[00:51:50.187] -> queuing volume change
[00:51:50.188] Worker: volume change
[00:51:50.204] Worker: vol changed to 97% (spotify.exe)
[00:51:51.175] ReinstallHook: OK
[00:51:56.181] ReinstallHook: OK
[00:52:01.172] ReinstallHook: OK
[00:52:04.051] KEY vk=0x5B (91), modKey=0, capturing=0
[00:52:06.170] ReinstallHook: OK
[00:52:11.175] ReinstallHook: OK
[00:52:16.170] ReinstallHook: OK
[00:52:21.177] ReinstallHook: OK
[00:52:26.181] ReinstallHook: OK
[00:52:31.170] ReinstallHook: OK
[00:52:36.169] ReinstallHook: OK
[00:52:41.170] ReinstallHook: OK
[00:52:46.183] ReinstallHook: OK
[00:52:51.171] ReinstallHook: OK
[00:52:56.169] ReinstallHook: OK
[00:53:01.188] ReinstallHook: OK
[00:53:06.185] ReinstallHook: OK
[00:53:11.189] ReinstallHook: OK
[00:53:16.186] ReinstallHook: OK
[00:53:21.190] ReinstallHook: OK
[00:53:26.185] ReinstallHook: OK
[00:53:31.188] ReinstallHook: OK
[00:53:36.185] ReinstallHook: OK
[00:53:41.189] ReinstallHook: OK
[00:53:46.185] ReinstallHook: OK
[00:53:51.191] ReinstallHook: OK
[00:53:56.185] ReinstallHook: OK
[00:54:01.185] ReinstallHook: OK
[00:54:06.185] ReinstallHook: OK
[00:54:11.185] ReinstallHook: OK
[00:54:16.185] ReinstallHook: OK
[00:54:21.189] ReinstallHook: OK
[00:54:26.185] ReinstallHook: OK
[00:54:31.189] ReinstallHook: OK
[00:54:36.185] ReinstallHook: OK
[00:54:41.189] ReinstallHook: OK
[00:54:46.185] ReinstallHook: OK
[00:54:51.186] ReinstallHook: OK
[00:54:56.185] ReinstallHook: OK
[00:55:01.187] ReinstallHook: OK
[00:55:06.185] ReinstallHook: OK
[00:55:11.189] ReinstallHook: OK
[00:55:16.185] ReinstallHook: OK
[00:55:21.190] ReinstallHook: OK
[00:55:26.185] ReinstallHook: OK
[00:55:31.191] ReinstallHook: OK
[00:55:36.185] ReinstallHook: OK
[00:55:41.186] ReinstallHook: OK
[00:55:46.184] ReinstallHook: OK
[00:55:51.187] ReinstallHook: OK
[00:55:56.184] ReinstallHook: OK
[00:56:01.187] ReinstallHook: OK
[00:56:06.186] ReinstallHook: OK
[00:56:11.185] ReinstallHook: OK
[00:56:16.186] ReinstallHook: OK
[00:56:21.184] ReinstallHook: OK
[00:56:26.186] ReinstallHook: OK
[00:56:31.184] ReinstallHook: OK
[00:56:36.184] ReinstallHook: OK
[00:56:41.189] ReinstallHook: OK
[00:56:46.184] ReinstallHook: OK
[00:56:51.191] ReinstallHook: OK
[00:56:56.184] ReinstallHook: OK
[00:57:01.184] ReinstallHook: OK
[00:57:06.185] ReinstallHook: OK
[00:57:11.184] ReinstallHook: OK
[00:57:16.184] ReinstallHook: OK
[00:57:21.188] ReinstallHook: OK
[00:57:26.185] ReinstallHook: OK
[00:57:31.186] ReinstallHook: OK
[00:57:36.184] ReinstallHook: OK
[00:57:41.184] ReinstallHook: OK
[00:57:46.185] ReinstallHook: OK
[00:57:51.185] ReinstallHook: OK
[00:57:56.185] ReinstallHook: OK
[00:58:01.186] ReinstallHook: OK
[00:58:06.184] ReinstallHook: OK
[00:58:11.188] ReinstallHook: OK
[00:58:16.183] ReinstallHook: OK
[00:58:21.184] ReinstallHook: OK
[00:58:26.185] ReinstallHook: OK
[00:58:31.189] ReinstallHook: OK
[00:58:36.183] ReinstallHook: OK
[00:58:41.185] ReinstallHook: OK
[00:58:46.183] ReinstallHook: OK
[00:58:51.186] ReinstallHook: OK
[00:58:56.183] ReinstallHook: OK
[00:59:01.186] ReinstallHook: OK
[00:59:06.184] ReinstallHook: OK
[00:59:11.184] ReinstallHook: OK
[00:59:16.183] ReinstallHook: OK
[00:59:21.186] ReinstallHook: OK
[00:59:26.183] ReinstallHook: OK
[00:59:31.187] ReinstallHook: OK
[00:59:36.187] ReinstallHook: OK
[00:59:41.190] ReinstallHook: OK
[00:59:46.184] ReinstallHook: OK
[00:59:51.190] ReinstallHook: OK
[00:59:56.183] ReinstallHook: OK
[01:00:01.183] ReinstallHook: OK
[01:00:06.183] ReinstallHook: OK
[01:00:11.185] ReinstallHook: OK
[01:00:16.184] ReinstallHook: OK
[01:00:21.185] ReinstallHook: OK
[01:00:26.183] ReinstallHook: OK
[01:00:31.183] ReinstallHook: OK
[01:00:36.183] ReinstallHook: OK
[01:00:41.183] ReinstallHook: OK
[01:00:46.183] ReinstallHook: OK
[01:00:51.182] ReinstallHook: OK
[01:00:56.185] ReinstallHook: OK
[01:01:01.184] ReinstallHook: OK
[01:01:06.183] ReinstallHook: OK
[01:01:11.184] ReinstallHook: OK
[01:01:16.183] ReinstallHook: OK
[01:01:21.184] ReinstallHook: OK
[01:01:26.183] ReinstallHook: OK
[01:01:31.183] ReinstallHook: OK
[01:01:36.182] ReinstallHook: OK
[01:01:41.185] ReinstallHook: OK
[01:01:46.183] ReinstallHook: OK
[01:01:51.182] ReinstallHook: OK
[01:01:56.183] ReinstallHook: OK
[01:02:01.184] ReinstallHook: OK
[01:02:06.182] ReinstallHook: OK
[01:02:11.182] ReinstallHook: OK
[01:02:16.182] ReinstallHook: OK
[01:02:21.189] ReinstallHook: OK
[01:02:26.183] ReinstallHook: OK
[01:02:31.186] ReinstallHook: OK
[01:02:36.182] ReinstallHook: OK
[01:02:41.184] ReinstallHook: OK
[01:02:46.182] ReinstallHook: OK
[01:02:51.188] ReinstallHook: OK
[01:02:56.183] ReinstallHook: OK
[01:03:01.182] ReinstallHook: OK
[01:03:05.029] KEY vk=0xA4 (164), modKey=0, capturing=0
[01:03:05.073] KEY vk=0x9 (9), modKey=0, capturing=0
[01:03:05.682] KEY vk=0x9 (9), modKey=0, capturing=0
[01:03:05.892] KEY vk=0x9 (9), modKey=0, capturing=0
[01:03:06.091] KEY vk=0x9 (9), modKey=0, capturing=0
[01:03:06.184] ReinstallHook: OK
[01:03:06.316] KEY vk=0x9 (9), modKey=0, capturing=0
[01:03:06.555] KEY vk=0x9 (9), modKey=0, capturing=0
[01:03:06.804] KEY vk=0x9 (9), modKey=0, capturing=0
[01:03:07.040] KEY vk=0x9 (9), modKey=0, capturing=0
[01:03:07.268] KEY vk=0x9 (9), modKey=0, capturing=0
[01:03:08.200] KEY vk=0x5B (91), modKey=0, capturing=0
[01:03:11.187] ReinstallHook: OK
[01:03:12.385] KEY vk=0xA0 (160), modKey=0, capturing=0
[01:03:12.548] KEY vk=0x53 (83), modKey=0, capturing=0
[01:03:12.855] KEY vk=0x4F (79), modKey=0, capturing=0
[01:03:13.108] KEY vk=0x52 (82), modKey=0, capturing=0
[01:03:13.268] KEY vk=0x52 (82), modKey=0, capturing=0
[01:03:13.564] KEY vk=0x59 (89), modKey=0, capturing=0
[01:03:13.873] KEY vk=0xD (13), modKey=0, capturing=0
[01:03:15.253] KEY vk=0xA2 (162), modKey=0, capturing=0
[01:03:15.352] KEY vk=0x57 (87), modKey=0, capturing=0
[01:03:16.182] ReinstallHook: OK
[01:03:16.692] KEY vk=0x1B (27), modKey=0, capturing=0
[01:03:21.188] ReinstallHook: OK
[01:03:26.183] ReinstallHook: OK
[01:03:31.183] ReinstallHook: OK
[01:03:36.186] ReinstallHook: OK
[01:03:41.187] ReinstallHook: OK
[01:03:46.183] ReinstallHook: OK
[01:03:51.184] ReinstallHook: OK
[01:03:56.182] ReinstallHook: OK
[01:04:01.186] ReinstallHook: OK
[01:04:06.183] ReinstallHook: OK
[01:04:11.182] ReinstallHook: OK
[01:04:16.184] ReinstallHook: OK
[01:04:21.183] ReinstallHook: OK
[01:04:26.181] ReinstallHook: OK
[01:04:31.183] ReinstallHook: OK
[01:04:36.183] ReinstallHook: OK
[01:04:41.185] ReinstallHook: OK
[01:04:46.188] ReinstallHook: OK
[01:04:51.182] ReinstallHook: OK
[01:04:56.185] ReinstallHook: OK
[01:05:01.185] ReinstallHook: OK
[01:05:06.182] ReinstallHook: OK
[01:05:11.182] ReinstallHook: OK
[01:05:16.182] ReinstallHook: OK
[01:05:21.183] ReinstallHook: OK
[01:05:26.183] ReinstallHook: OK
[01:05:31.182] ReinstallHook: OK
[01:05:36.181] ReinstallHook: OK
[01:05:41.181] ReinstallHook: OK
[01:05:46.182] ReinstallHook: OK
[01:05:46.514] KEY vk=0xA4 (164), modKey=0, capturing=0
[01:05:46.593] KEY vk=0x9 (9), modKey=0, capturing=0
[01:05:47.347] KEY vk=0xA4 (164), modKey=0, capturing=0
[01:05:47.370] KEY vk=0x9 (9), modKey=0, capturing=0
[01:05:47.711] KEY vk=0x9 (9), modKey=0, capturing=0
[01:05:47.959] KEY vk=0x9 (9), modKey=0, capturing=0
[01:05:48.260] KEY vk=0xA0 (160), modKey=0, capturing=0
[01:05:48.370] KEY vk=0x54 (84), modKey=0, capturing=0
[01:05:48.604] KEY vk=0x48 (72), modKey=0, capturing=0
[01:05:48.736] KEY vk=0x41 (65), modKey=0, capturing=0
[01:05:48.882] KEY vk=0x4E (78), modKey=0, capturing=0
[01:05:49.159] KEY vk=0x4B (75), modKey=0, capturing=0
[01:05:49.291] KEY vk=0x53 (83), modKey=0, capturing=0
[01:05:49.384] KEY vk=0x20 (32), modKey=0, capturing=0
[01:05:49.750] KEY vk=0xD (13), modKey=0, capturing=0
[01:05:49.990] KEY vk=0xA4 (164), modKey=0, capturing=0
[01:05:50.033] KEY vk=0x9 (9), modKey=0, capturing=0
[01:05:50.525] KEY vk=0x1B (27), modKey=0, capturing=0
[01:05:51.097] KEY vk=0x5A (90), modKey=0, capturing=0
[01:05:51.106] KEY vk=0xA4 (164), modKey=0, capturing=0
[01:05:51.170] KEY vk=0x9 (9), modKey=0, capturing=0
[01:05:51.184] ReinstallHook: OK
[01:05:51.514] KEY vk=0x9 (9), modKey=0, capturing=0
[01:05:52.365] KEY vk=0x1B (27), modKey=0, capturing=0
[01:05:52.399] KEY vk=0xC0 (192), modKey=0, capturing=0
[01:05:56.183] ReinstallHook: OK
[01:06:01.184] ReinstallHook: OK
[01:06:06.184] ReinstallHook: OK
[01:06:11.183] ReinstallHook: OK
[01:06:16.183] ReinstallHook: OK
[01:06:21.190] ReinstallHook: OK
[01:06:26.183] ReinstallHook: OK
[01:06:31.181] ReinstallHook: OK
[01:06:36.181] ReinstallHook: OK
[01:06:41.184] ReinstallHook: OK
[01:06:46.182] ReinstallHook: OK
[01:06:51.184] ReinstallHook: OK
[01:06:56.184] ReinstallHook: OK
[01:07:01.183] ReinstallHook: OK
[01:07:06.182] ReinstallHook: OK
[01:07:11.186] ReinstallHook: OK
[01:07:16.184] ReinstallHook: OK
[01:07:21.183] ReinstallHook: OK
[01:07:26.181] ReinstallHook: OK
[01:07:31.185] ReinstallHook: OK
[01:07:36.180] ReinstallHook: OK
[01:07:41.182] ReinstallHook: OK
[01:07:46.184] ReinstallHook: OK
[01:07:51.181] ReinstallHook: OK
[01:07:56.180] ReinstallHook: OK
[01:08:01.182] ReinstallHook: OK
[01:08:06.180] ReinstallHook: OK
[01:08:11.184] ReinstallHook: OK
[01:08:16.180] ReinstallHook: OK
[01:08:21.185] ReinstallHook: OK
[01:08:26.180] ReinstallHook: OK
[01:08:31.182] ReinstallHook: OK
[01:08:36.182] ReinstallHook: OK
[01:08:41.180] ReinstallHook: OK
[01:08:46.180] ReinstallHook: OK
[01:08:51.183] ReinstallHook: OK
[01:08:56.181] ReinstallHook: OK
[01:09:01.181] ReinstallHook: OK
[01:09:06.182] ReinstallHook: OK
[01:09:11.186] ReinstallHook: OK
[01:09:16.180] ReinstallHook: OK
[01:09:21.185] ReinstallHook: OK
[01:09:26.180] ReinstallHook: OK
[01:09:31.181] ReinstallHook: OK
[01:09:36.181] ReinstallHook: OK
[01:09:41.185] ReinstallHook: OK
[01:09:46.180] ReinstallHook: OK
[01:09:51.183] ReinstallHook: OK
[01:09:56.180] ReinstallHook: OK
[01:10:01.187] ReinstallHook: OK
[01:10:06.180] ReinstallHook: OK
[01:10:11.181] ReinstallHook: OK
[01:10:16.180] ReinstallHook: OK
[01:10:21.187] ReinstallHook: OK
[01:10:26.180] ReinstallHook: OK
[01:10:31.180] ReinstallHook: OK
[01:10:36.180] ReinstallHook: OK
[01:10:41.183] ReinstallHook: OK
[01:10:46.181] ReinstallHook: OK
[01:10:51.181] ReinstallHook: OK
[01:10:56.180] ReinstallHook: OK
[01:11:01.185] ReinstallHook: OK
[01:11:06.179] ReinstallHook: OK
[01:11:11.179] ReinstallHook: OK
[01:11:16.181] ReinstallHook: OK
[01:11:21.182] ReinstallHook: OK
[01:11:26.186] ReinstallHook: OK
[01:11:31.184] ReinstallHook: OK
[01:11:36.184] ReinstallHook: OK
[01:11:41.180] ReinstallHook: OK
[01:11:46.180] ReinstallHook: OK
[01:11:51.181] ReinstallHook: OK
[01:11:56.180] ReinstallHook: OK
[01:12:01.179] ReinstallHook: OK
[01:12:06.179] ReinstallHook: OK
[01:12:11.179] ReinstallHook: OK
[01:12:16.179] ReinstallHook: OK
[01:12:21.183] ReinstallHook: OK
[01:12:26.180] ReinstallHook: OK
[01:12:31.182] ReinstallHook: OK
[01:12:36.179] ReinstallHook: OK
[01:12:41.181] ReinstallHook: OK
[01:12:46.179] ReinstallHook: OK
[01:12:51.182] ReinstallHook: OK
[01:12:56.179] ReinstallHook: OK
[01:13:01.186] ReinstallHook: OK
[01:13:06.179] ReinstallHook: OK
[01:13:07.959] KEY vk=0xA4 (164), modKey=0, capturing=0
[01:13:08.020] KEY vk=0x9 (9), modKey=0, capturing=0
[01:13:08.496] KEY vk=0x9 (9), modKey=0, capturing=0
[01:13:10.060] KEY vk=0x57 (87), modKey=0, capturing=0
[01:13:10.237] KEY vk=0x44 (68), modKey=0, capturing=0
[01:13:10.847] KEY vk=0x4D (77), modKey=0, capturing=0
[01:13:11.183] ReinstallHook: OK
[01:13:11.303] KEY vk=0x8 (8), modKey=0, capturing=0
[01:13:11.624] KEY vk=0x55 (85), modKey=0, capturing=0
[01:13:12.107] KEY vk=0x8 (8), modKey=0, capturing=0
[01:13:12.429] KEY vk=0x59 (89), modKey=0, capturing=0
[01:13:12.590] KEY vk=0x4D (77), modKey=0, capturing=0
[01:13:13.151] KEY vk=0xD (13), modKey=0, capturing=0
[01:13:13.320] KEY vk=0x57 (87), modKey=0, capturing=0
[01:13:13.571] KEY vk=0x44 (68), modKey=0, capturing=0
[01:13:13.955] KEY vk=0x8 (8), modKey=0, capturing=0
[01:13:14.015] KEY vk=0x4A (74), modKey=0, capturing=0
[01:13:14.263] KEY vk=0x55 (85), modKey=0, capturing=0
[01:13:14.641] KEY vk=0x8 (8), modKey=0, capturing=0
[01:13:14.830] KEY vk=0x8 (8), modKey=0, capturing=0
[01:13:14.951] KEY vk=0x48 (72), modKey=0, capturing=0
[01:13:15.628] KEY vk=0x59 (89), modKey=0, capturing=0
[01:13:15.797] KEY vk=0xD (13), modKey=0, capturing=0
[01:13:16.179] ReinstallHook: OK
[01:13:16.455] KEY vk=0xA4 (164), modKey=0, capturing=0
[01:13:17.020] KEY vk=0x9 (9), modKey=0, capturing=0
[01:13:21.179] ReinstallHook: OK
[01:13:26.179] ReinstallHook: OK
[01:13:31.180] ReinstallHook: OK
[01:13:36.185] ReinstallHook: OK
[01:13:41.180] ReinstallHook: OK
[01:13:46.179] ReinstallHook: OK
[01:13:51.180] ReinstallHook: OK
[01:13:56.179] ReinstallHook: OK
[01:14:01.180] ReinstallHook: OK
[01:14:06.179] ReinstallHook: OK
[01:14:11.182] ReinstallHook: OK
[01:14:16.179] ReinstallHook: OK
[01:14:21.180] ReinstallHook: OK
[01:14:26.179] ReinstallHook: OK
[01:14:31.181] ReinstallHook: OK
[01:14:36.179] ReinstallHook: OK
[01:14:41.179] ReinstallHook: OK
[01:14:46.179] ReinstallHook: OK
[01:14:51.181] ReinstallHook: OK
[01:14:56.178] ReinstallHook: OK
[01:15:01.179] ReinstallHook: OK
[01:15:06.179] ReinstallHook: OK
[01:15:11.186] ReinstallHook: OK
[01:15:16.179] ReinstallHook: OK
[01:15:21.182] ReinstallHook: OK
[01:15:26.180] ReinstallHook: OK
[01:15:31.179] ReinstallHook: OK
[01:15:36.178] ReinstallHook: OK
[01:15:36.761] KEY vk=0xA4 (164), modKey=0, capturing=0
[01:15:36.899] KEY vk=0x9 (9), modKey=0, capturing=0
[01:15:37.932] KEY vk=0x57 (87), modKey=0, capturing=0
[01:15:38.203] KEY vk=0x54 (84), modKey=0, capturing=0
[01:15:38.573] KEY vk=0x46 (70), modKey=0, capturing=0
[01:15:39.547] KEY vk=0xA2 (162), modKey=0, capturing=0
[01:15:41.181] ReinstallHook: OK
[01:15:41.750] KEY vk=0xD (13), modKey=0, capturing=0
[01:15:43.358] KEY vk=0xA0 (160), modKey=0, capturing=0
[01:15:44.462] KEY vk=0xA0 (160), modKey=0, capturing=0
[01:15:44.740] KEY vk=0x49 (73), modKey=0, capturing=0
[01:15:44.872] KEY vk=0x20 (32), modKey=0, capturing=0
[01:15:45.017] KEY vk=0x57 (87), modKey=0, capturing=0
[01:15:45.094] KEY vk=0x4F (79), modKey=0, capturing=0
[01:15:45.713] KEY vk=0x55 (85), modKey=0, capturing=0
[01:15:46.026] KEY vk=0x4C (76), modKey=0, capturing=0
[01:15:46.156] KEY vk=0x44 (68), modKey=0, capturing=0
[01:15:46.179] ReinstallHook: OK
[01:15:46.294] KEY vk=0x20 (32), modKey=0, capturing=0
[01:15:46.614] KEY vk=0x48 (72), modKey=0, capturing=0
[01:15:46.853] KEY vk=0x55 (85), modKey=0, capturing=0
[01:15:47.019] KEY vk=0x47 (71), modKey=0, capturing=0
[01:15:47.099] KEY vk=0x20 (32), modKey=0, capturing=0
[01:15:47.314] KEY vk=0x59 (89), modKey=0, capturing=0
[01:15:47.446] KEY vk=0x4F (79), modKey=0, capturing=0
[01:15:47.608] KEY vk=0x55 (85), modKey=0, capturing=0
[01:15:47.639] KEY vk=0x20 (32), modKey=0, capturing=0
[01:15:47.896] KEY vk=0x54 (84), modKey=0, capturing=0
[01:15:48.008] KEY vk=0x4F (79), modKey=0, capturing=0
[01:15:48.157] KEY vk=0x4F (79), modKey=0, capturing=0
[01:15:48.411] KEY vk=0xBC (188), modKey=0, capturing=0
[01:15:48.495] KEY vk=0x20 (32), modKey=0, capturing=0
[01:15:48.691] KEY vk=0x42 (66), modKey=0, capturing=0
[01:15:48.839] KEY vk=0x55 (85), modKey=0, capturing=0
[01:15:49.066] KEY vk=0x54 (84), modKey=0, capturing=0
[01:15:49.230] KEY vk=0x20 (32), modKey=0, capturing=0
[01:15:49.358] KEY vk=0x54 (84), modKey=0, capturing=0
[01:15:49.480] KEY vk=0x48 (72), modKey=0, capturing=0
[01:15:49.614] KEY vk=0x41 (65), modKey=0, capturing=0
[01:15:49.747] KEY vk=0x54 (84), modKey=0, capturing=0
[01:15:49.988] KEY vk=0x53 (83), modKey=0, capturing=0
[01:15:50.078] KEY vk=0x20 (32), modKey=0, capturing=0
[01:15:50.326] KEY vk=0x49 (73), modKey=0, capturing=0
[01:15:50.737] KEY vk=0x49 (73), modKey=0, capturing=0
[01:15:51.180] ReinstallHook: OK
[01:15:51.215] KEY vk=0x4D (77), modKey=0, capturing=0
[01:15:51.451] KEY vk=0x8 (8), modKey=0, capturing=0
[01:15:51.605] KEY vk=0x8 (8), modKey=0, capturing=0
[01:15:51.814] KEY vk=0x4D (77), modKey=0, capturing=0
[01:15:52.108] KEY vk=0x50 (80), modKey=0, capturing=0
[01:15:52.236] KEY vk=0x4F (79), modKey=0, capturing=0
[01:15:52.562] KEY vk=0x53 (83), modKey=0, capturing=0
[01:15:52.728] KEY vk=0x53 (83), modKey=0, capturing=0
[01:15:52.878] KEY vk=0x49 (73), modKey=0, capturing=0
[01:15:53.044] KEY vk=0x42 (66), modKey=0, capturing=0
[01:15:53.223] KEY vk=0x4C (76), modKey=0, capturing=0
[01:15:53.293] KEY vk=0x45 (69), modKey=0, capturing=0
[01:15:53.414] KEY vk=0x20 (32), modKey=0, capturing=0
[01:15:53.806] KEY vk=0x52 (82), modKey=0, capturing=0
[01:15:53.861] KEY vk=0x4E (78), modKey=0, capturing=0
[01:15:54.168] KEY vk=0xD (13), modKey=0, capturing=0
[01:15:54.362] KEY vk=0xA4 (164), modKey=0, capturing=0
[01:15:54.405] KEY vk=0x9 (9), modKey=0, capturing=0
[01:15:56.179] ReinstallHook: OK
[01:16:01.184] ReinstallHook: OK
[01:16:06.179] ReinstallHook: OK
[01:16:11.178] ReinstallHook: OK
[01:16:16.178] ReinstallHook: OK
[01:16:21.178] ReinstallHook: OK
[01:16:26.178] ReinstallHook: OK
[01:16:31.180] ReinstallHook: OK
[01:16:36.178] ReinstallHook: OK
[01:16:41.182] ReinstallHook: OK
[01:16:46.178] ReinstallHook: OK
[01:16:51.178] ReinstallHook: OK
[01:16:56.177] ReinstallHook: OK
[01:17:01.179] ReinstallHook: OK
[01:17:06.178] ReinstallHook: OK
[01:17:11.179] ReinstallHook: OK
[01:17:16.178] ReinstallHook: OK
[01:17:21.186] ReinstallHook: OK
[01:17:26.178] ReinstallHook: OK
[01:17:31.179] ReinstallHook: OK
[01:17:36.178] ReinstallHook: OK
[01:17:41.183] ReinstallHook: OK
[01:17:46.178] ReinstallHook: OK
[01:17:51.180] ReinstallHook: OK
[01:17:56.177] ReinstallHook: OK
[01:18:01.181] ReinstallHook: OK
[01:18:06.178] ReinstallHook: OK
[01:18:11.179] ReinstallHook: OK
[01:18:16.178] ReinstallHook: OK
[01:18:21.179] ReinstallHook: OK
[01:18:26.180] ReinstallHook: OK
[01:18:31.180] ReinstallHook: OK
[01:18:36.177] ReinstallHook: OK
[01:18:41.180] ReinstallHook: OK
[01:18:46.179] ReinstallHook: OK
[01:18:51.180] ReinstallHook: OK
[01:18:56.177] ReinstallHook: OK
[01:19:01.180] ReinstallHook: OK
[01:19:06.179] ReinstallHook: OK
[01:19:11.179] ReinstallHook: OK
[01:19:16.178] ReinstallHook: OK
[01:19:21.182] ReinstallHook: OK
[01:19:26.178] ReinstallHook: OK
[01:19:31.176] ReinstallHook: OK
[01:19:36.179] ReinstallHook: OK
[01:19:41.179] ReinstallHook: OK
[01:19:46.178] ReinstallHook: OK
[01:19:51.178] ReinstallHook: OK
[01:19:56.178] ReinstallHook: OK
[01:20:01.177] ReinstallHook: OK
[01:20:06.177] ReinstallHook: OK
[01:20:11.176] ReinstallHook: OK
[01:20:16.177] ReinstallHook: OK
[01:20:21.178] ReinstallHook: OK
[01:20:26.177] ReinstallHook: OK
[01:20:28.211] KEY vk=0xA4 (164), modKey=0, capturing=0
[01:20:28.273] KEY vk=0x9 (9), modKey=0, capturing=0
[01:20:28.803] KEY vk=0x4E (78), modKey=0, capturing=0
[01:20:29.219] KEY vk=0x4F (79), modKey=0, capturing=0
[01:20:30.413] KEY vk=0xD (13), modKey=0, capturing=0
[01:20:30.766] KEY vk=0x49 (73), modKey=0, capturing=0
[01:20:30.974] KEY vk=0x54 (84), modKey=0, capturing=0
[01:20:31.182] ReinstallHook: OK
[01:20:31.309] KEY vk=0x20 (32), modKey=0, capturing=0
[01:20:31.478] KEY vk=0x44 (68), modKey=0, capturing=0
[01:20:31.562] KEY vk=0x4F (79), modKey=0, capturing=0
[01:20:31.694] KEY vk=0x45 (69), modKey=0, capturing=0
[01:20:31.809] KEY vk=0x53 (83), modKey=0, capturing=0
[01:20:31.881] KEY vk=0x20 (32), modKey=0, capturing=0
[01:20:32.125] KEY vk=0x4D (77), modKey=0, capturing=0
[01:20:32.219] KEY vk=0x41 (65), modKey=0, capturing=0
[01:20:32.565] KEY vk=0x54 (84), modKey=0, capturing=0
[01:20:32.747] KEY vk=0x54 (84), modKey=0, capturing=0
[01:20:32.865] KEY vk=0x45 (69), modKey=0, capturing=0
[01:20:33.007] KEY vk=0x52 (82), modKey=0, capturing=0
[01:20:33.311] KEY vk=0x53 (83), modKey=0, capturing=0
[01:20:34.756] KEY vk=0xD (13), modKey=0, capturing=0
[01:20:35.159] KEY vk=0xA4 (164), modKey=0, capturing=0
[01:20:35.222] KEY vk=0x9 (9), modKey=0, capturing=0
[01:20:36.177] ReinstallHook: OK
[01:20:41.179] ReinstallHook: OK
[01:20:46.177] ReinstallHook: OK
[01:20:51.184] ReinstallHook: OK
[01:20:56.178] ReinstallHook: OK
[01:21:01.182] ReinstallHook: OK
[01:21:06.181] ReinstallHook: OK
[01:21:11.177] ReinstallHook: OK
[01:21:16.178] ReinstallHook: OK
[01:21:21.178] ReinstallHook: OK
[01:21:26.180] ReinstallHook: OK
[01:21:31.178] ReinstallHook: OK
[01:21:36.178] ReinstallHook: OK
[01:21:41.178] ReinstallHook: OK
[01:21:46.177] ReinstallHook: OK
[01:21:51.177] ReinstallHook: OK
[01:21:56.177] ReinstallHook: OK
[01:22:01.181] ReinstallHook: OK
[01:22:06.176] ReinstallHook: OK
[01:22:11.181] ReinstallHook: OK
[01:22:16.178] ReinstallHook: OK
[01:22:21.182] ReinstallHook: OK
[01:22:26.182] ReinstallHook: OK
[01:22:31.184] ReinstallHook: OK
[01:22:36.177] ReinstallHook: OK
[01:22:41.177] ReinstallHook: OK
[01:22:46.182] ReinstallHook: OK
[01:22:51.212] ReinstallHook: OK
[01:22:56.176] ReinstallHook: OK
[01:23:01.181] ReinstallHook: OK
[01:23:06.177] ReinstallHook: OK
[01:23:11.176] ReinstallHook: OK
[01:23:16.176] ReinstallHook: OK
[01:23:21.180] ReinstallHook: OK
[01:23:26.176] ReinstallHook: OK
[01:23:31.180] ReinstallHook: OK
[01:23:36.176] ReinstallHook: OK
[01:23:41.176] ReinstallHook: OK
[01:23:46.179] ReinstallHook: OK
[01:23:51.176] ReinstallHook: OK
[01:23:56.175] ReinstallHook: OK
[01:24:01.177] ReinstallHook: OK
[01:24:06.176] ReinstallHook: OK
[01:24:11.177] ReinstallHook: OK
[01:24:16.176] ReinstallHook: OK
[01:24:21.178] ReinstallHook: OK
[01:24:26.176] ReinstallHook: OK
[01:24:31.175] ReinstallHook: OK
[01:24:36.176] ReinstallHook: OK
[01:24:41.177] ReinstallHook: OK
[01:24:46.182] ReinstallHook: OK
[01:24:51.178] ReinstallHook: OK
[01:24:56.176] ReinstallHook: OK
[01:25:01.177] ReinstallHook: OK
[01:25:06.175] ReinstallHook: OK
[01:25:11.174] ReinstallHook: OK
[01:25:16.175] ReinstallHook: OK
[01:25:21.176] ReinstallHook: OK
[01:25:26.179] ReinstallHook: OK
[01:25:31.173] ReinstallHook: OK
[01:25:36.178] ReinstallHook: OK
[01:25:41.177] ReinstallHook: OK
[01:25:46.172] ReinstallHook: OK
[01:25:51.175] ReinstallHook: OK
[01:25:56.174] ReinstallHook: OK
[01:26:01.175] ReinstallHook: OK
[01:26:06.174] ReinstallHook: OK
[01:26:11.171] ReinstallHook: OK
[01:26:16.171] ReinstallHook: OK
[01:26:21.172] ReinstallHook: OK
[01:26:26.172] ReinstallHook: OK
[01:26:31.169] ReinstallHook: OK
[01:26:36.169] ReinstallHook: OK
[01:26:41.172] ReinstallHook: OK
[01:26:46.170] ReinstallHook: OK
[01:26:51.171] ReinstallHook: OK
[01:26:56.168] ReinstallHook: OK
[01:27:01.171] ReinstallHook: OK
[01:27:06.168] ReinstallHook: OK
[01:27:11.170] ReinstallHook: OK
[01:27:16.165] ReinstallHook: OK
[01:27:21.167] ReinstallHook: OK
[01:27:26.166] ReinstallHook: OK
[01:27:31.167] ReinstallHook: OK
[01:27:36.166] ReinstallHook: OK
[01:27:41.165] ReinstallHook: OK
[01:27:46.167] ReinstallHook: OK
[01:27:51.164] ReinstallHook: OK
[01:27:56.164] ReinstallHook: OK
[01:28:01.163] ReinstallHook: OK
[01:28:06.163] ReinstallHook: OK
[01:28:11.164] ReinstallHook: OK
[01:28:16.162] ReinstallHook: OK
[01:28:21.162] ReinstallHook: OK
[01:28:26.162] ReinstallHook: OK
[01:28:31.161] ReinstallHook: OK
[01:28:36.160] ReinstallHook: OK
[01:28:41.160] ReinstallHook: OK
[01:28:46.160] ReinstallHook: OK
[01:28:51.160] ReinstallHook: OK
[01:28:56.159] ReinstallHook: OK
[01:29:01.160] ReinstallHook: OK
[01:29:06.159] ReinstallHook: OK
[01:29:11.161] ReinstallHook: OK
[01:29:16.159] ReinstallHook: OK
[01:29:21.159] ReinstallHook: OK
[01:29:26.157] ReinstallHook: OK
[01:29:31.160] ReinstallHook: OK
[01:29:36.157] ReinstallHook: OK
[01:29:41.165] ReinstallHook: OK
[01:29:46.156] ReinstallHook: OK
[01:29:51.156] ReinstallHook: OK
[01:29:56.156] ReinstallHook: OK
[01:30:01.157] ReinstallHook: OK
[01:30:06.157] ReinstallHook: OK
[01:30:11.159] ReinstallHook: OK
[01:30:16.153] ReinstallHook: OK
[01:30:21.156] ReinstallHook: OK
[01:30:26.153] ReinstallHook: OK
[01:30:31.154] ReinstallHook: OK
[01:30:36.153] ReinstallHook: OK
[01:30:41.155] ReinstallHook: OK
[01:30:46.152] ReinstallHook: OK
[01:30:51.153] ReinstallHook: OK
[01:30:56.151] ReinstallHook: OK
[01:31:01.150] ReinstallHook: OK
[01:31:06.151] ReinstallHook: OK
[01:31:11.151] ReinstallHook: OK
[01:31:16.150] ReinstallHook: OK
[01:31:21.151] ReinstallHook: OK
[01:31:26.149] ReinstallHook: OK
[01:31:31.150] ReinstallHook: OK
[01:31:36.148] ReinstallHook: OK
[01:31:41.152] ReinstallHook: OK
[01:31:46.148] ReinstallHook: OK
[01:31:51.147] ReinstallHook: OK
[01:31:56.148] ReinstallHook: OK
[01:32:01.147] ReinstallHook: OK
[01:32:06.147] ReinstallHook: OK
[01:32:11.148] ReinstallHook: OK
[01:32:16.149] ReinstallHook: OK
[01:32:21.179] ReinstallHook: OK
[01:32:26.147] ReinstallHook: OK
[01:32:31.150] ReinstallHook: OK
[01:32:36.145] ReinstallHook: OK
[01:32:41.144] ReinstallHook: OK
[01:32:46.143] ReinstallHook: OK
[01:32:51.147] ReinstallHook: OK
[01:32:56.143] ReinstallHook: OK
[01:33:01.145] ReinstallHook: OK
[01:33:06.144] ReinstallHook: OK
[01:33:11.142] ReinstallHook: OK
[01:33:16.141] ReinstallHook: OK
[01:33:21.143] ReinstallHook: OK
[01:33:26.142] ReinstallHook: OK
[01:33:31.140] ReinstallHook: OK
[01:33:36.140] ReinstallHook: OK
[01:33:41.147] ReinstallHook: OK
[01:33:46.140] ReinstallHook: OK
[01:33:51.142] ReinstallHook: OK
[01:33:56.140] ReinstallHook: OK
[01:34:01.140] ReinstallHook: OK
[01:34:06.141] ReinstallHook: OK
[01:34:11.141] ReinstallHook: OK
[01:34:16.143] ReinstallHook: OK
[01:34:21.140] ReinstallHook: OK
[01:34:26.138] ReinstallHook: OK
[01:34:31.139] ReinstallHook: OK
[01:34:36.138] ReinstallHook: OK
[01:34:41.142] ReinstallHook: OK
[01:34:46.140] ReinstallHook: OK
[01:34:51.136] ReinstallHook: OK
[01:34:56.134] ReinstallHook: OK
[01:35:01.134] ReinstallHook: OK
[01:35:06.134] ReinstallHook: OK
[01:35:11.134] ReinstallHook: OK
[01:35:16.134] ReinstallHook: OK
[01:35:21.133] ReinstallHook: OK
[01:35:26.134] ReinstallHook: OK
[01:35:31.132] ReinstallHook: OK
[01:35:36.132] ReinstallHook: OK
[01:35:41.131] ReinstallHook: OK
[01:35:46.132] ReinstallHook: OK
[01:35:51.131] ReinstallHook: OK
[01:35:56.132] ReinstallHook: OK
[01:36:01.135] ReinstallHook: OK
[01:36:06.131] ReinstallHook: OK
[01:36:11.129] ReinstallHook: OK
[01:36:16.132] ReinstallHook: OK
[01:36:21.130] ReinstallHook: OK
[01:36:26.130] ReinstallHook: OK
[01:36:31.130] ReinstallHook: OK
[01:36:36.129] ReinstallHook: OK
[01:36:41.129] ReinstallHook: OK
[01:36:46.129] ReinstallHook: OK
[01:36:51.128] ReinstallHook: OK
[01:36:56.128] ReinstallHook: OK
[01:37:01.128] ReinstallHook: OK
[01:37:06.126] ReinstallHook: OK
[01:37:11.127] ReinstallHook: OK
[01:37:16.126] ReinstallHook: OK
[01:37:21.127] ReinstallHook: OK
[01:37:26.125] ReinstallHook: OK
[01:37:31.126] ReinstallHook: OK
[01:37:36.124] ReinstallHook: OK
[01:37:41.125] ReinstallHook: OK
[01:37:46.125] ReinstallHook: OK
[01:37:51.123] ReinstallHook: OK
[01:37:56.123] ReinstallHook: OK
[01:38:01.122] ReinstallHook: OK
[01:38:06.124] ReinstallHook: OK
[01:38:11.125] ReinstallHook: OK
[01:38:16.121] ReinstallHook: OK
[01:38:21.121] ReinstallHook: OK
[01:38:26.125] ReinstallHook: OK
[01:38:31.123] ReinstallHook: OK
[01:38:36.122] ReinstallHook: OK
[01:38:41.124] ReinstallHook: OK
[01:38:46.121] ReinstallHook: OK
[01:38:51.124] ReinstallHook: OK
[01:38:56.125] ReinstallHook: OK
[01:39:01.118] ReinstallHook: OK
[01:39:06.118] ReinstallHook: OK
[01:39:11.117] ReinstallHook: OK
[01:39:16.118] ReinstallHook: OK
[01:39:21.116] ReinstallHook: OK
[01:39:26.117] ReinstallHook: OK
[01:39:31.118] ReinstallHook: OK
[01:39:36.118] ReinstallHook: OK
[01:39:41.116] ReinstallHook: OK
[01:39:46.119] ReinstallHook: OK
[01:39:51.116] ReinstallHook: OK
[01:39:56.115] ReinstallHook: OK
[01:40:01.115] ReinstallHook: OK
[01:40:06.115] ReinstallHook: OK
[01:40:11.118] ReinstallHook: OK
[01:40:16.113] ReinstallHook: OK
[01:40:21.115] ReinstallHook: OK
[01:40:26.116] ReinstallHook: OK
[01:40:31.113] ReinstallHook: OK
[01:40:36.113] ReinstallHook: OK
[01:40:41.113] ReinstallHook: OK
[01:40:46.112] ReinstallHook: OK
[01:40:51.113] ReinstallHook: OK
[01:40:56.110] ReinstallHook: OK
[01:41:01.115] ReinstallHook: OK
[01:41:06.113] ReinstallHook: OK
[01:41:11.111] ReinstallHook: OK
[01:41:16.109] ReinstallHook: OK
[01:41:21.113] ReinstallHook: OK
[01:41:26.108] ReinstallHook: OK
[01:41:31.110] ReinstallHook: OK
[01:41:36.108] ReinstallHook: OK
[01:41:41.107] ReinstallHook: OK
[01:41:46.107] ReinstallHook: OK
[01:41:51.108] ReinstallHook: OK
[01:41:56.106] ReinstallHook: OK
[01:42:01.109] ReinstallHook: OK
[01:42:06.105] ReinstallHook: OK
[01:42:11.106] ReinstallHook: OK
[01:42:16.107] ReinstallHook: OK
[01:42:21.111] ReinstallHook: OK
[01:42:26.110] ReinstallHook: OK
[01:42:31.104] ReinstallHook: OK
[01:42:36.105] ReinstallHook: OK
[01:42:41.104] ReinstallHook: OK
[01:42:46.104] ReinstallHook: OK
[01:42:51.103] ReinstallHook: OK
[01:42:56.103] ReinstallHook: OK
[01:43:01.108] ReinstallHook: OK
[01:43:06.102] ReinstallHook: OK
[01:43:11.104] ReinstallHook: OK
[01:43:16.102] ReinstallHook: OK
[01:43:21.105] ReinstallHook: OK
[01:43:26.102] ReinstallHook: OK
[01:43:31.106] ReinstallHook: OK
[01:43:36.102] ReinstallHook: OK
[01:43:41.108] ReinstallHook: OK
[01:43:46.100] ReinstallHook: OK
[01:43:51.100] ReinstallHook: OK
[01:43:56.100] ReinstallHook: OK
[01:44:01.107] ReinstallHook: OK
[01:44:06.099] ReinstallHook: OK
[01:44:11.100] ReinstallHook: OK
[01:44:16.099] ReinstallHook: OK
[01:44:21.102] ReinstallHook: OK
[01:44:26.098] ReinstallHook: OK
[01:44:31.099] ReinstallHook: OK
[01:44:36.098] ReinstallHook: OK
[01:44:41.099] ReinstallHook: OK
[01:44:46.097] ReinstallHook: OK
[01:44:51.099] ReinstallHook: OK
[01:44:56.098] ReinstallHook: OK
[01:45:01.100] ReinstallHook: OK
[01:45:06.097] ReinstallHook: OK
[01:45:11.102] ReinstallHook: OK
[01:45:16.096] ReinstallHook: OK
[01:45:21.102] ReinstallHook: OK
[01:45:26.096] ReinstallHook: OK
[01:45:31.097] ReinstallHook: OK
[01:45:36.095] ReinstallHook: OK
[01:45:41.097] ReinstallHook: OK
[01:45:46.096] ReinstallHook: OK
[01:45:51.095] ReinstallHook: OK
[01:45:56.095] ReinstallHook: OK
[01:46:01.093] ReinstallHook: OK
[01:46:06.093] ReinstallHook: OK
[01:46:11.101] ReinstallHook: OK
[01:46:16.094] ReinstallHook: OK
[01:46:21.094] ReinstallHook: OK
[01:46:26.093] ReinstallHook: OK
[01:46:31.091] ReinstallHook: OK
[01:46:36.092] ReinstallHook: OK
[01:46:41.096] ReinstallHook: OK
[01:46:46.091] ReinstallHook: OK
[01:46:51.091] ReinstallHook: OK
[01:46:56.091] ReinstallHook: OK
[01:47:01.098] ReinstallHook: OK
[01:47:06.102] ReinstallHook: OK
[01:47:11.093] ReinstallHook: OK
[01:47:16.090] ReinstallHook: OK
[01:47:16.861] KEY vk=0xFF (255), modKey=0, capturing=0
[01:47:21.092] ReinstallHook: OK
[01:47:26.090] ReinstallHook: OK
[01:47:31.089] ReinstallHook: OK
[01:47:36.088] ReinstallHook: OK
[01:47:41.089] ReinstallHook: OK
[01:47:46.089] ReinstallHook: OK
[01:47:51.090] ReinstallHook: OK
[01:47:56.088] ReinstallHook: OK
[01:48:01.089] ReinstallHook: OK
[01:48:06.087] ReinstallHook: OK
[01:48:11.087] ReinstallHook: OK
[01:48:16.104] ReinstallHook: OK
[01:48:21.103] ReinstallHook: OK
[01:48:26.103] ReinstallHook: OK
[01:48:31.103] ReinstallHook: OK
[01:48:36.102] ReinstallHook: OK
[01:48:41.103] ReinstallHook: OK
[01:48:46.101] ReinstallHook: OK
[01:48:51.105] ReinstallHook: OK
[01:48:56.101] ReinstallHook: OK
[01:49:01.099] ReinstallHook: OK
[01:49:06.101] ReinstallHook: OK
[01:49:11.100] ReinstallHook: OK
[01:49:16.100] ReinstallHook: OK
[01:49:21.101] ReinstallHook: OK
[01:49:26.099] ReinstallHook: OK
[01:49:31.101] ReinstallHook: OK
[01:49:36.101] ReinstallHook: OK
[01:49:41.100] ReinstallHook: OK
[01:49:46.097] ReinstallHook: OK
[01:49:51.099] ReinstallHook: OK
[01:49:56.098] ReinstallHook: OK
[01:50:01.096] ReinstallHook: OK
[01:50:06.098] ReinstallHook: OK
[01:50:11.099] ReinstallHook: OK
[01:50:16.096] ReinstallHook: OK
[01:50:21.095] ReinstallHook: OK
[01:50:26.096] ReinstallHook: OK
[01:50:31.095] ReinstallHook: OK
[01:50:36.096] ReinstallHook: OK
[01:50:41.096] ReinstallHook: OK
[01:50:46.095] ReinstallHook: OK
[01:50:51.099] ReinstallHook: OK
[01:50:56.094] ReinstallHook: OK
[01:51:01.097] ReinstallHook: OK
[01:51:06.094] ReinstallHook: OK
[01:51:11.093] ReinstallHook: OK
[01:51:16.094] ReinstallHook: OK
[01:51:21.092] ReinstallHook: OK
[01:51:26.093] ReinstallHook: OK
[01:51:31.093] ReinstallHook: OK
[01:51:36.093] ReinstallHook: OK
[01:51:41.095] ReinstallHook: OK
[01:51:46.093] ReinstallHook: OK
[01:51:51.093] ReinstallHook: OK
[01:51:56.090] ReinstallHook: OK
[01:52:01.090] ReinstallHook: OK
[01:52:06.091] ReinstallHook: OK
[01:52:11.092] ReinstallHook: OK
[01:52:16.090] ReinstallHook: OK
[01:52:21.092] ReinstallHook: OK
[01:52:26.092] ReinstallHook: OK
[01:52:31.089] ReinstallHook: OK
[01:52:36.090] ReinstallHook: OK
[01:52:41.091] ReinstallHook: OK
[01:52:46.088] ReinstallHook: OK
[01:52:51.088] ReinstallHook: OK
[01:52:56.089] ReinstallHook: OK
[01:53:01.091] ReinstallHook: OK
[01:53:06.088] ReinstallHook: OK
[01:53:11.088] ReinstallHook: OK
[01:53:16.088] ReinstallHook: OK
[01:53:21.087] ReinstallHook: OK
[01:53:26.086] ReinstallHook: OK
[01:53:31.088] ReinstallHook: OK
[01:53:36.086] ReinstallHook: OK
[01:53:41.085] ReinstallHook: OK
[01:53:46.087] ReinstallHook: OK
[01:53:51.085] ReinstallHook: OK
[01:53:56.085] ReinstallHook: OK
[01:54:01.089] ReinstallHook: OK
[01:54:06.085] ReinstallHook: OK
[01:54:11.093] ReinstallHook: OK
[01:54:16.085] ReinstallHook: OK
[01:54:21.084] ReinstallHook: OK
[01:54:26.083] ReinstallHook: OK
[01:54:31.085] ReinstallHook: OK
[01:54:32.961] KEY vk=0xAD (173), modKey=0, capturing=0
[01:54:32.961] -> VK_VOLUME_MUTE -> queuing play/pause
[01:54:32.962] Worker: sending play/pause
[01:54:32.962] KEY vk=0xB3 (179), modKey=0, capturing=0
[01:54:36.083] ReinstallHook: OK
[01:54:41.084] ReinstallHook: OK
[01:54:41.450] KEY vk=0xAF (175), modKey=0, capturing=0
[01:54:41.450] -> VOL key, modKey=0, modPressed=1
[01:54:41.450] -> queuing volume change
[01:54:41.452] Worker: volume change
[01:54:41.466] KEY vk=0xAF (175), modKey=0, capturing=0
[01:54:41.466] -> VOL key, modKey=0, modPressed=1
[01:54:41.467] -> queuing volume change
[01:54:41.487] KEY vk=0xAF (175), modKey=0, capturing=0
[01:54:41.487] -> VOL key, modKey=0, modPressed=1
[01:54:41.487] -> queuing volume change
[01:54:41.503] Worker: vol changed to 98% (spotify.exe)
[01:54:41.503] Worker: volume change
[01:54:41.520] Worker: vol changed to 99% (spotify.exe)
[01:54:41.531] Worker: volume change
[01:54:41.536] KEY vk=0xAF (175), modKey=0, capturing=0
[01:54:41.536] -> VOL key, modKey=0, modPressed=1
[01:54:41.536] -> queuing volume change
[01:54:41.556] Worker: vol changed to 100% (spotify.exe)
[01:54:41.556] Worker: volume change
[01:54:41.588] Worker: vol changed to 100% (spotify.exe)
[01:54:41.613] KEY vk=0xAF (175), modKey=0, capturing=0
[01:54:41.613] -> VOL key, modKey=0, modPressed=1
[01:54:41.613] -> queuing volume change
[01:54:41.614] Worker: volume change
[01:54:41.660] Worker: vol changed to 100% (spotify.exe)
[01:54:41.666] KEY vk=0xAF (175), modKey=0, capturing=0
[01:54:41.666] -> VOL key, modKey=0, modPressed=1
[01:54:41.666] -> queuing volume change
[01:54:41.667] Worker: volume change
[01:54:41.703] Worker: vol changed to 100% (spotify.exe)
[01:54:41.723] KEY vk=0xAF (175), modKey=0, capturing=0
[01:54:41.723] -> VOL key, modKey=0, modPressed=1
[01:54:41.723] -> queuing volume change
[01:54:41.724] Worker: volume change
[01:54:41.787] Worker: vol changed to 100% (spotify.exe)
[01:54:42.103] KEY vk=0xAF (175), modKey=0, capturing=0
[01:54:42.103] -> VOL key, modKey=0, modPressed=1
[01:54:42.103] -> queuing volume change
[01:54:42.103] Worker: volume change
[01:54:42.122] KEY vk=0xAF (175), modKey=0, capturing=0
[01:54:42.122] -> VOL key, modKey=0, modPressed=1
[01:54:42.122] -> queuing volume change
[01:54:42.142] KEY vk=0xAF (175), modKey=0, capturing=0
[01:54:42.142] -> VOL key, modKey=0, modPressed=1
[01:54:42.142] -> queuing volume change
[01:54:42.161] KEY vk=0xAF (175), modKey=0, capturing=0
[01:54:42.161] -> VOL key, modKey=0, modPressed=1
[01:54:42.161] -> queuing volume change
[01:54:42.172] KEY vk=0xAF (175), modKey=0, capturing=0
[01:54:42.172] -> VOL key, modKey=0, modPressed=1
[01:54:42.172] -> queuing volume change
[01:54:42.183] KEY vk=0xAF (175), modKey=0, capturing=0
[01:54:42.183] -> VOL key, modKey=0, modPressed=1
[01:54:42.183] -> queuing volume change
[01:54:42.206] KEY vk=0xAF (175), modKey=0, capturing=0
[01:54:42.206] -> VOL key, modKey=0, modPressed=1
[01:54:42.207] -> queuing volume change
[01:54:42.235] KEY vk=0xAF (175), modKey=0, capturing=0
[01:54:42.235] -> VOL key, modKey=0, modPressed=1
[01:54:42.235] -> queuing volume change
[01:54:42.270] KEY vk=0xAF (175), modKey=0, capturing=0
[01:54:42.270] -> VOL key, modKey=0, modPressed=1
[01:54:42.270] -> queuing volume change
[01:54:42.282] Worker: vol changed to 100% (spotify.exe)
[01:54:42.290] Worker: volume change
[01:54:42.345] Worker: vol changed to 100% (spotify.exe)
[01:54:42.345] Worker: volume change
[01:54:42.392] Worker: vol changed to 100% (spotify.exe)
[01:54:42.392] Worker: volume change
[01:54:42.440] Worker: vol changed to 100% (spotify.exe)
[01:54:42.442] Worker: volume change
[01:54:42.502] Worker: vol changed to 100% (spotify.exe)
[01:54:42.502] Worker: volume change
[01:54:42.547] Worker: vol changed to 100% (spotify.exe)
[01:54:42.548] Worker: volume change
[01:54:42.592] Worker: vol changed to 100% (spotify.exe)
[01:54:42.593] Worker: volume change
[01:54:42.642] Worker: vol changed to 100% (spotify.exe)
[01:54:42.642] Worker: volume change
[01:54:42.680] Worker: vol changed to 100% (spotify.exe)
[01:54:46.082] ReinstallHook: OK
[01:54:51.082] ReinstallHook: OK
[01:54:56.085] ReinstallHook: OK
[01:55:01.082] ReinstallHook: OK
[01:55:06.081] ReinstallHook: OK
[01:55:11.083] ReinstallHook: OK
[01:55:16.087] ReinstallHook: OK
[01:55:21.086] ReinstallHook: OK
[01:55:26.081] ReinstallHook: OK
[01:55:31.084] ReinstallHook: OK
[01:55:36.080] ReinstallHook: OK
[01:55:41.083] ReinstallHook: OK
[01:55:46.080] ReinstallHook: OK
[01:55:51.080] ReinstallHook: OK
[01:55:56.080] ReinstallHook: OK
[01:56:01.081] ReinstallHook: OK
[01:56:06.078] ReinstallHook: OK
[01:56:11.084] ReinstallHook: OK
[01:56:16.078] ReinstallHook: OK
[01:56:21.083] ReinstallHook: OK
[01:56:26.083] ReinstallHook: OK
[01:56:31.080] ReinstallHook: OK
[01:56:36.076] ReinstallHook: OK
[01:56:41.078] ReinstallHook: OK
[01:56:46.077] ReinstallHook: OK
[01:56:51.081] ReinstallHook: OK
[01:56:56.080] ReinstallHook: OK
[01:57:01.080] ReinstallHook: OK
[01:57:06.082] ReinstallHook: OK
[01:57:11.081] ReinstallHook: OK
[01:57:16.078] ReinstallHook: OK
[01:57:21.079] ReinstallHook: OK
[01:57:26.075] ReinstallHook: OK
[01:57:31.076] ReinstallHook: OK
[01:57:36.075] ReinstallHook: OK
[01:57:41.074] ReinstallHook: OK
[01:57:46.073] ReinstallHook: OK
[01:57:51.078] ReinstallHook: OK
[01:57:56.073] ReinstallHook: OK
[01:58:01.072] ReinstallHook: OK
[01:58:06.073] ReinstallHook: OK
[01:58:11.074] ReinstallHook: OK
[01:58:16.072] ReinstallHook: OK
[01:58:21.072] ReinstallHook: OK
[01:58:26.071] ReinstallHook: OK
[01:58:31.073] ReinstallHook: OK
[01:58:36.071] ReinstallHook: OK
[01:58:41.070] ReinstallHook: OK
[01:58:46.071] ReinstallHook: OK
[01:58:51.071] ReinstallHook: OK
[01:58:56.070] ReinstallHook: OK
[01:59:01.071] ReinstallHook: OK
[01:59:06.071] ReinstallHook: OK
[01:59:11.069] ReinstallHook: OK
[01:59:16.070] ReinstallHook: OK
[01:59:21.068] ReinstallHook: OK
[01:59:26.069] ReinstallHook: OK
[01:59:31.069] ReinstallHook: OK
[01:59:36.069] ReinstallHook: OK
[01:59:41.069] ReinstallHook: OK
[01:59:46.067] ReinstallHook: OK
[01:59:51.075] ReinstallHook: OK
[01:59:56.067] ReinstallHook: OK
[02:00:01.067] ReinstallHook: OK
[02:00:06.067] ReinstallHook: OK
[02:00:11.066] ReinstallHook: OK
[02:00:16.067] ReinstallHook: OK
[02:00:21.067] ReinstallHook: OK
[02:00:26.067] ReinstallHook: OK
[02:00:31.065] ReinstallHook: OK
[02:00:36.066] ReinstallHook: OK
[02:00:41.067] ReinstallHook: OK
[02:00:46.065] ReinstallHook: OK
[02:00:51.065] ReinstallHook: OK
[02:00:56.065] ReinstallHook: OK
[02:01:01.065] ReinstallHook: OK
[02:01:06.065] ReinstallHook: OK
[02:01:11.073] ReinstallHook: OK
[02:01:16.064] ReinstallHook: OK
[02:01:21.069] ReinstallHook: OK
[02:01:26.066] ReinstallHook: OK
[02:01:31.069] ReinstallHook: OK
[02:01:36.062] ReinstallHook: OK
[02:01:41.069] ReinstallHook: OK
[02:01:46.066] ReinstallHook: OK
[02:01:51.064] ReinstallHook: OK
[02:01:56.063] ReinstallHook: OK
[02:02:01.066] ReinstallHook: OK
[02:02:06.071] ReinstallHook: OK
[02:02:11.064] ReinstallHook: OK
[02:02:16.062] ReinstallHook: OK
[02:02:21.068] ReinstallHook: OK
[02:02:26.064] ReinstallHook: OK
[02:02:31.063] ReinstallHook: OK
[02:02:36.062] ReinstallHook: OK
[02:02:41.066] ReinstallHook: OK
[02:02:46.061] ReinstallHook: OK
[02:02:51.066] ReinstallHook: OK
[02:02:56.061] ReinstallHook: OK
[02:03:01.063] ReinstallHook: OK
[02:03:06.066] ReinstallHook: OK
[02:03:11.061] ReinstallHook: OK
[02:03:16.061] ReinstallHook: OK
[02:03:21.064] ReinstallHook: OK
[02:03:26.059] ReinstallHook: OK
[02:03:31.060] ReinstallHook: OK
[02:03:36.062] ReinstallHook: OK
[02:03:41.060] ReinstallHook: OK
[02:03:46.059] ReinstallHook: OK
[02:03:51.065] ReinstallHook: OK
[02:03:56.058] ReinstallHook: OK
[02:04:01.058] ReinstallHook: OK
[02:04:06.058] ReinstallHook: OK
[02:04:11.058] ReinstallHook: OK
[02:04:16.058] ReinstallHook: OK
[02:04:21.059] ReinstallHook: OK
[02:04:26.058] ReinstallHook: OK
[02:04:31.062] ReinstallHook: OK
[02:04:36.057] ReinstallHook: OK
[02:04:41.063] ReinstallHook: OK
[02:04:46.059] ReinstallHook: OK
[02:04:51.058] ReinstallHook: OK
[02:04:56.059] ReinstallHook: OK
[02:05:01.061] ReinstallHook: OK
[02:05:06.060] ReinstallHook: OK
[02:05:11.060] ReinstallHook: OK
[02:05:16.055] ReinstallHook: OK
[02:05:21.054] ReinstallHook: OK
[02:05:26.054] ReinstallHook: OK
[02:05:31.062] ReinstallHook: OK
[02:05:36.054] ReinstallHook: OK
[02:05:41.053] ReinstallHook: OK
[02:05:46.054] ReinstallHook: OK
[02:05:51.053] ReinstallHook: OK
[02:05:56.054] ReinstallHook: OK
[02:06:01.054] ReinstallHook: OK
[02:06:06.054] ReinstallHook: OK
[02:06:11.052] ReinstallHook: OK
[02:06:16.055] ReinstallHook: OK
[02:06:21.055] ReinstallHook: OK
[02:06:26.053] ReinstallHook: OK
[02:06:31.055] ReinstallHook: OK
[02:06:36.052] ReinstallHook: OK
[02:06:41.052] ReinstallHook: OK
[02:06:46.053] ReinstallHook: OK
[02:06:51.052] ReinstallHook: OK
[02:06:56.050] ReinstallHook: OK
[02:07:01.053] ReinstallHook: OK
[02:07:06.051] ReinstallHook: OK
[02:07:11.050] ReinstallHook: OK
[02:07:16.050] ReinstallHook: OK
[02:07:21.053] ReinstallHook: OK
[02:07:26.050] ReinstallHook: OK
[02:07:31.051] ReinstallHook: OK
[02:07:36.051] ReinstallHook: OK
[02:07:41.051] ReinstallHook: OK
[02:07:46.049] ReinstallHook: OK
[02:07:51.051] ReinstallHook: OK
[02:07:56.048] ReinstallHook: OK
[02:08:01.050] ReinstallHook: OK
[02:08:06.047] ReinstallHook: OK
[02:08:11.048] ReinstallHook: OK
[02:08:16.048] ReinstallHook: OK
[02:08:21.052] ReinstallHook: OK
[02:08:26.048] ReinstallHook: OK
[02:08:31.049] ReinstallHook: OK
[02:08:36.047] ReinstallHook: OK
[02:08:41.049] ReinstallHook: OK
[02:08:46.048] ReinstallHook: OK
[02:08:51.050] ReinstallHook: OK
[02:08:56.047] ReinstallHook: OK
[02:09:01.049] ReinstallHook: OK
[02:09:06.047] ReinstallHook: OK
[02:09:11.046] ReinstallHook: OK
[02:09:16.046] ReinstallHook: OK
[02:09:21.048] ReinstallHook: OK
[02:09:26.044] ReinstallHook: OK
[02:09:31.045] ReinstallHook: OK
[02:09:36.044] ReinstallHook: OK
[02:09:41.044] ReinstallHook: OK
[02:09:46.045] ReinstallHook: OK
[02:09:51.044] ReinstallHook: OK
[02:09:56.045] ReinstallHook: OK
[02:10:01.045] ReinstallHook: OK
[02:10:06.044] ReinstallHook: OK
[02:10:11.043] ReinstallHook: OK
[02:10:16.043] ReinstallHook: OK
[02:10:21.045] ReinstallHook: OK
[02:10:26.043] ReinstallHook: OK
[02:10:31.043] ReinstallHook: OK
[02:10:36.043] ReinstallHook: OK
[02:10:41.042] ReinstallHook: OK
[02:10:46.043] ReinstallHook: OK
[02:10:51.044] ReinstallHook: OK
[02:10:56.042] ReinstallHook: OK
[02:11:01.043] ReinstallHook: OK
[02:11:06.042] ReinstallHook: OK
[02:11:11.046] ReinstallHook: OK
[02:11:16.041] ReinstallHook: OK
[02:11:21.040] ReinstallHook: OK
[02:11:26.041] ReinstallHook: OK
[02:11:31.040] ReinstallHook: OK
[02:11:36.041] ReinstallHook: OK
[02:11:41.043] ReinstallHook: OK
[02:11:46.042] ReinstallHook: OK
[02:11:51.047] ReinstallHook: OK
[02:11:56.040] ReinstallHook: OK
[02:12:01.039] ReinstallHook: OK
[02:12:06.040] ReinstallHook: OK
[02:12:11.043] ReinstallHook: OK
[02:12:16.041] ReinstallHook: OK
[02:12:21.040] ReinstallHook: OK
[02:12:26.038] ReinstallHook: OK
[02:12:31.043] ReinstallHook: OK
[02:12:36.041] ReinstallHook: OK
[02:12:41.039] ReinstallHook: OK
[02:12:46.037] ReinstallHook: OK
[02:12:51.044] ReinstallHook: OK
[02:12:56.061] ReinstallHook: OK
[02:13:01.039] ReinstallHook: OK
[02:13:06.042] ReinstallHook: OK
[02:13:11.041] ReinstallHook: OK
[02:13:16.038] ReinstallHook: OK
[02:13:21.040] ReinstallHook: OK
[02:13:26.040] ReinstallHook: OK
[02:13:31.035] ReinstallHook: OK
[02:13:36.036] ReinstallHook: OK
[02:13:41.035] ReinstallHook: OK
[02:13:46.035] ReinstallHook: OK
[02:13:51.037] ReinstallHook: OK
[02:13:56.037] ReinstallHook: OK
[02:14:01.040] ReinstallHook: OK
[02:14:06.037] ReinstallHook: OK
[02:14:11.039] ReinstallHook: OK
[02:14:16.037] ReinstallHook: OK
[02:14:21.036] ReinstallHook: OK
[02:14:26.035] ReinstallHook: OK
[02:14:31.036] ReinstallHook: OK
[02:14:36.035] ReinstallHook: OK
[02:14:41.036] ReinstallHook: OK
[02:14:46.034] ReinstallHook: OK
[02:14:51.033] ReinstallHook: OK
[02:14:56.033] ReinstallHook: OK
[02:15:01.037] ReinstallHook: OK
[02:15:06.033] ReinstallHook: OK
[02:15:11.033] ReinstallHook: OK
[02:15:16.037] ReinstallHook: OK
[02:15:21.041] ReinstallHook: OK
[02:15:26.031] ReinstallHook: OK
[02:15:31.032] ReinstallHook: OK
[02:15:36.031] ReinstallHook: OK
[02:15:41.037] ReinstallHook: OK
[02:15:46.031] ReinstallHook: OK
[02:15:51.035] ReinstallHook: OK
[02:15:56.033] ReinstallHook: OK
[02:16:01.030] ReinstallHook: OK
[02:16:06.030] ReinstallHook: OK
[02:16:11.030] ReinstallHook: OK
[02:16:16.030] ReinstallHook: OK
[02:16:21.032] ReinstallHook: OK
[02:16:26.031] ReinstallHook: OK
[02:16:31.031] ReinstallHook: OK
[02:16:36.030] ReinstallHook: OK
[02:16:41.032] ReinstallHook: OK
[02:16:46.029] ReinstallHook: OK
[02:16:51.031] ReinstallHook: OK
[02:16:56.029] ReinstallHook: OK
[02:17:01.036] ReinstallHook: OK
[02:17:06.027] ReinstallHook: OK
[02:17:11.033] ReinstallHook: OK
[02:17:16.028] ReinstallHook: OK
[02:17:21.028] ReinstallHook: OK
[02:17:26.028] ReinstallHook: OK
[02:17:31.027] ReinstallHook: OK
[02:17:36.028] ReinstallHook: OK
[02:17:41.030] ReinstallHook: OK
[02:17:46.027] ReinstallHook: OK
[02:17:51.026] ReinstallHook: OK
[02:17:56.027] ReinstallHook: OK
[02:18:01.032] ReinstallHook: OK
[02:18:06.026] ReinstallHook: OK
[02:18:11.035] ReinstallHook: OK
[02:18:16.026] ReinstallHook: OK
[02:18:21.032] ReinstallHook: OK
[02:18:26.025] ReinstallHook: OK
[02:18:31.028] ReinstallHook: OK
[02:18:36.025] ReinstallHook: OK
[02:18:41.027] ReinstallHook: OK
[02:18:46.025] ReinstallHook: OK
[02:18:51.028] ReinstallHook: OK
[02:18:56.025] ReinstallHook: OK
[02:19:01.026] ReinstallHook: OK
[02:19:06.024] ReinstallHook: OK
[02:19:11.025] ReinstallHook: OK
[02:19:16.026] ReinstallHook: OK
[02:19:21.023] ReinstallHook: OK
[02:19:26.026] ReinstallHook: OK
[02:19:31.030] ReinstallHook: OK
[02:19:36.023] ReinstallHook: OK
[02:19:41.027] ReinstallHook: OK
[02:19:46.022] ReinstallHook: OK
[02:19:51.025] ReinstallHook: OK
[02:19:56.023] ReinstallHook: OK
[02:20:01.027] ReinstallHook: OK
[02:20:06.023] ReinstallHook: OK
[02:20:11.024] ReinstallHook: OK
[02:20:16.023] ReinstallHook: OK
[02:20:21.022] ReinstallHook: OK
[02:20:26.024] ReinstallHook: OK
[02:20:31.023] ReinstallHook: OK
[02:20:36.022] ReinstallHook: OK
[02:20:41.024] ReinstallHook: OK
[02:20:46.022] ReinstallHook: OK
[02:20:51.023] ReinstallHook: OK
[02:20:56.021] ReinstallHook: OK
[02:21:01.020] ReinstallHook: OK
[02:21:06.020] ReinstallHook: OK
[02:21:11.021] ReinstallHook: OK
[02:21:16.019] ReinstallHook: OK
[02:21:21.020] ReinstallHook: OK
[02:21:26.019] ReinstallHook: OK
[02:21:31.021] ReinstallHook: OK
[02:21:36.022] ReinstallHook: OK
[02:21:41.020] ReinstallHook: OK
[02:21:46.019] ReinstallHook: OK
[02:21:51.028] ReinstallHook: OK
[02:21:56.020] ReinstallHook: OK
[02:22:01.022] ReinstallHook: OK
[02:22:06.023] ReinstallHook: OK
[02:22:11.026] ReinstallHook: OK
[02:22:16.019] ReinstallHook: OK
[02:22:21.022] ReinstallHook: OK
[02:22:26.019] ReinstallHook: OK
[02:22:31.027] ReinstallHook: OK
[02:22:36.017] ReinstallHook: OK
[02:22:41.027] ReinstallHook: OK
[02:22:46.019] ReinstallHook: OK
[02:22:51.019] ReinstallHook: OK
[02:22:56.019] ReinstallHook: OK
[02:23:01.021] ReinstallHook: OK
[02:23:06.017] ReinstallHook: OK
[02:23:11.025] ReinstallHook: OK
[02:23:16.016] ReinstallHook: OK
[02:23:21.020] ReinstallHook: OK
[02:23:26.017] ReinstallHook: OK
[02:23:31.016] ReinstallHook: OK
[02:23:36.016] ReinstallHook: OK
[02:23:41.023] ReinstallHook: OK
[02:23:46.019] ReinstallHook: OK
[02:23:51.016] ReinstallHook: OK
[02:23:56.017] ReinstallHook: OK
[02:24:01.016] ReinstallHook: OK
[02:24:06.066] ReinstallHook: OK
[02:24:11.016] ReinstallHook: OK
[02:24:16.016] ReinstallHook: OK
[02:24:21.021] ReinstallHook: OK
[02:24:26.015] ReinstallHook: OK
[02:24:31.016] ReinstallHook: OK
[02:24:36.015] ReinstallHook: OK
[02:24:41.015] ReinstallHook: OK
[02:24:46.014] ReinstallHook: OK
[02:24:51.014] ReinstallHook: OK
[02:24:56.015] ReinstallHook: OK
[02:25:01.014] ReinstallHook: OK
[02:25:06.014] ReinstallHook: OK
[02:25:11.013] ReinstallHook: OK
[02:25:16.013] ReinstallHook: OK
[02:25:21.021] ReinstallHook: OK
[02:25:26.012] ReinstallHook: OK
[02:25:31.014] ReinstallHook: OK
[02:25:36.013] ReinstallHook: OK
[02:25:41.019] ReinstallHook: OK
[02:25:46.013] ReinstallHook: OK
[02:25:51.012] ReinstallHook: OK
[02:25:56.012] ReinstallHook: OK
[02:26:01.013] ReinstallHook: OK
[02:26:06.012] ReinstallHook: OK
[02:26:11.012] ReinstallHook: OK
[02:26:16.012] ReinstallHook: OK
[02:26:21.011] ReinstallHook: OK
[02:26:26.010] ReinstallHook: OK
[02:26:31.011] ReinstallHook: OK
[02:26:36.011] ReinstallHook: OK
[02:26:41.016] ReinstallHook: OK
[02:26:46.011] ReinstallHook: OK
[02:26:51.011] ReinstallHook: OK
[02:26:56.010] ReinstallHook: OK
[02:27:01.012] ReinstallHook: OK
[02:27:03.913] KEY vk=0xFF (255), modKey=0, capturing=0
[02:27:06.011] ReinstallHook: OK
[02:27:11.018] ReinstallHook: OK
[02:27:16.010] ReinstallHook: OK
[02:27:21.016] ReinstallHook: OK
[02:27:26.010] ReinstallHook: OK
[02:27:31.017] ReinstallHook: OK
[02:27:36.009] ReinstallHook: OK
[02:27:41.017] ReinstallHook: OK
[02:27:42.551] KEY vk=0x53 (83), modKey=0, capturing=0
[02:27:42.893] KEY vk=0x53 (83), modKey=0, capturing=0
[02:27:43.163] KEY vk=0x53 (83), modKey=0, capturing=0
[02:27:43.428] KEY vk=0x53 (83), modKey=0, capturing=0
[02:27:43.639] KEY vk=0x53 (83), modKey=0, capturing=0
[02:27:45.152] KEY vk=0x2E (46), modKey=0, capturing=0
[02:27:46.009] ReinstallHook: OK
[02:27:47.092] KEY vk=0xA1 (161), modKey=0, capturing=0
[02:27:47.339] KEY vk=0x2E (46), modKey=0, capturing=0
[02:27:47.783] KEY vk=0xD (13), modKey=0, capturing=0
[02:27:51.012] ReinstallHook: OK
[02:27:53.622] KEY vk=0x44 (68), modKey=0, capturing=0
[02:27:54.211] KEY vk=0x44 (68), modKey=0, capturing=0
[02:27:55.277] KEY vk=0xD (13), modKey=0, capturing=0
[02:27:56.009] ReinstallHook: OK
[02:28:01.016] ReinstallHook: OK
[02:28:02.751] KEY vk=0xAF (175), modKey=0, capturing=0
[02:28:02.751] -> VOL key, modKey=0, modPressed=1
[02:28:02.751] -> queuing volume change
[02:28:02.751] Worker: volume change
[02:28:02.759] Worker: vol changed to 100% (spotify.exe)
[02:28:06.025] ReinstallHook: OK
[02:28:11.024] ReinstallHook: OK
[02:28:16.024] ReinstallHook: OK
[02:28:16.834] KEY vk=0xA4 (164), modKey=0, capturing=0
[02:28:16.898] KEY vk=0x9 (9), modKey=0, capturing=0
[02:28:18.110] KEY vk=0x48 (72), modKey=0, capturing=0
[02:28:18.226] KEY vk=0x4F (79), modKey=0, capturing=0
[02:28:18.516] KEY vk=0x4E (78), modKey=0, capturing=0
[02:28:18.538] KEY vk=0x20 (32), modKey=0, capturing=0
[02:28:19.233] KEY vk=0x8 (8), modKey=0, capturing=0
[02:28:19.396] KEY vk=0x4B (75), modKey=0, capturing=0
[02:28:19.506] KEY vk=0x41 (65), modKey=0, capturing=0
[02:28:19.659] KEY vk=0x49 (73), modKey=0, capturing=0
[02:28:19.662] KEY vk=0x4F (79), modKey=0, capturing=0
[02:28:20.083] KEY vk=0x8 (8), modKey=0, capturing=0
[02:28:21.029] ReinstallHook: OK
[02:28:26.024] ReinstallHook: OK
[02:28:31.025] ReinstallHook: OK
[02:28:34.322] KEY vk=0x54 (84), modKey=0, capturing=0
[02:28:34.528] KEY vk=0x4F (79), modKey=0, capturing=0
[02:28:34.660] KEY vk=0x52 (82), modKey=0, capturing=0
[02:28:34.886] KEY vk=0x43 (67), modKey=0, capturing=0
[02:28:35.027] KEY vk=0x48 (72), modKey=0, capturing=0
[02:28:35.432] KEY vk=0x4C (76), modKey=0, capturing=0
[02:28:35.650] KEY vk=0x49 (73), modKey=0, capturing=0
[02:28:35.785] KEY vk=0x47 (71), modKey=0, capturing=0
[02:28:35.929] KEY vk=0x48 (72), modKey=0, capturing=0
[02:28:36.027] KEY vk=0x54 (84), modKey=0, capturing=0
[02:28:36.039] ReinstallHook: OK
[02:28:41.038] ReinstallHook: OK
[02:28:46.039] ReinstallHook: OK
[02:28:51.047] ReinstallHook: OK
[02:28:56.039] ReinstallHook: OK
[02:28:58.765] KEY vk=0x41 (65), modKey=0, capturing=0
[02:28:59.037] KEY vk=0x52 (82), modKey=0, capturing=0
[02:28:59.578] KEY vk=0x4B (75), modKey=0, capturing=0
[02:29:00.092] KEY vk=0x4E (78), modKey=0, capturing=0
[02:29:00.240] KEY vk=0x49 (73), modKey=0, capturing=0
[02:29:00.402] KEY vk=0x47 (71), modKey=0, capturing=0
[02:29:00.502] KEY vk=0x48 (72), modKey=0, capturing=0
[02:29:01.042] ReinstallHook: OK
[02:29:06.039] ReinstallHook: OK
[02:29:11.038] ReinstallHook: OK
[02:29:16.039] ReinstallHook: OK
[02:29:21.040] ReinstallHook: OK
[02:29:26.038] ReinstallHook: OK
[02:29:31.046] ReinstallHook: OK
[02:29:36.038] ReinstallHook: OK
[02:29:41.037] ReinstallHook: OK
[02:29:46.036] ReinstallHook: OK
[02:29:51.039] ReinstallHook: OK
[02:29:56.037] ReinstallHook: OK
[02:29:56.337] KEY vk=0x91 (145), modKey=0, capturing=0
[02:30:01.045] ReinstallHook: OK
[02:30:06.037] ReinstallHook: OK
[02:30:11.035] ReinstallHook: OK
[02:30:16.037] ReinstallHook: OK
[02:30:21.039] ReinstallHook: OK
[02:30:26.036] ReinstallHook: OK
[02:30:31.044] ReinstallHook: OK
[02:30:36.035] ReinstallHook: OK
[02:30:41.038] ReinstallHook: OK
[02:30:46.049] ReinstallHook: OK
[02:30:51.059] ReinstallHook: OK
[02:30:56.051] ReinstallHook: OK
[02:31:01.053] ReinstallHook: OK
[02:31:06.051] ReinstallHook: OK
[02:31:11.055] ReinstallHook: OK
[02:31:16.050] ReinstallHook: OK
[02:31:21.053] ReinstallHook: OK
[02:31:26.051] ReinstallHook: OK
[02:31:31.052] ReinstallHook: OK
[02:31:36.050] ReinstallHook: OK
[02:31:41.052] ReinstallHook: OK
[02:31:46.050] ReinstallHook: OK
[02:31:51.053] ReinstallHook: OK
[02:31:56.065] ReinstallHook: OK
[02:32:01.067] ReinstallHook: OK
[02:32:06.065] ReinstallHook: OK
[02:32:11.071] ReinstallHook: OK
[02:32:16.063] ReinstallHook: OK
[02:32:21.063] ReinstallHook: OK
[02:32:26.080] ReinstallHook: OK
[02:32:31.082] ReinstallHook: OK
[02:32:36.081] ReinstallHook: OK
[02:32:41.082] ReinstallHook: OK
[02:32:46.080] ReinstallHook: OK
[02:32:51.087] ReinstallHook: OK
[02:32:56.080] ReinstallHook: OK
[02:33:01.082] ReinstallHook: OK
[02:33:06.080] ReinstallHook: OK
[02:33:11.087] ReinstallHook: OK
[02:33:16.079] ReinstallHook: OK
[02:33:21.081] ReinstallHook: OK
[02:33:26.080] ReinstallHook: OK
[02:33:31.087] ReinstallHook: OK
[02:33:36.079] ReinstallHook: OK
[02:33:41.080] ReinstallHook: OK
[02:33:46.095] ReinstallHook: OK
[02:33:51.097] ReinstallHook: OK
[02:33:56.110] ReinstallHook: OK
[02:34:01.112] ReinstallHook: OK
[02:34:06.107] ReinstallHook: OK
[02:34:11.112] ReinstallHook: OK
[02:34:16.126] ReinstallHook: OK
[02:34:21.123] ReinstallHook: OK
[02:34:26.126] ReinstallHook: OK
[02:34:31.126] ReinstallHook: OK
[02:34:36.126] ReinstallHook: OK
[02:34:41.131] ReinstallHook: OK
[02:34:46.125] ReinstallHook: OK
[02:34:51.126] ReinstallHook: OK
[02:34:56.124] ReinstallHook: OK
[02:35:01.127] ReinstallHook: OK
[02:35:06.125] ReinstallHook: OK
[02:35:11.127] ReinstallHook: OK
[02:35:16.125] ReinstallHook: OK
[02:35:21.126] ReinstallHook: OK
[02:35:26.121] ReinstallHook: OK
[02:35:31.125] ReinstallHook: OK
[02:35:36.123] ReinstallHook: OK
[02:35:41.129] ReinstallHook: OK
[02:35:46.125] ReinstallHook: OK
[02:35:51.126] ReinstallHook: OK
[02:35:56.123] ReinstallHook: OK
[02:36:01.131] ReinstallHook: OK
[02:36:06.123] ReinstallHook: OK
[02:36:11.124] ReinstallHook: OK
[02:36:16.122] ReinstallHook: OK
[02:36:21.130] ReinstallHook: OK
[02:36:26.123] ReinstallHook: OK
[02:36:31.121] ReinstallHook: OK
[02:36:36.123] ReinstallHook: OK
[02:36:41.130] ReinstallHook: OK
[02:36:46.123] ReinstallHook: OK
[02:36:51.119] ReinstallHook: OK
[02:36:56.122] ReinstallHook: OK
[02:37:01.124] ReinstallHook: OK
[02:37:06.119] ReinstallHook: OK
[02:37:11.129] ReinstallHook: OK
[02:37:16.119] ReinstallHook: OK
[02:37:21.123] ReinstallHook: OK
[02:37:26.121] ReinstallHook: OK
[02:37:31.117] ReinstallHook: OK
[02:37:36.121] ReinstallHook: OK
[02:37:41.126] ReinstallHook: OK
[02:37:46.121] ReinstallHook: OK
[02:37:51.126] ReinstallHook: OK
[02:37:56.121] ReinstallHook: OK
[02:38:01.125] ReinstallHook: OK
[02:38:06.121] ReinstallHook: OK
[02:38:11.127] ReinstallHook: OK
[02:38:16.121] ReinstallHook: OK
[02:38:21.118] ReinstallHook: OK
[02:38:26.120] ReinstallHook: OK
[02:38:31.128] ReinstallHook: OK
[02:38:36.120] ReinstallHook: OK
[02:38:41.126] ReinstallHook: OK
[02:38:46.119] ReinstallHook: OK
[02:38:51.127] ReinstallHook: OK
[02:38:56.119] ReinstallHook: OK
[02:39:01.127] ReinstallHook: OK
[02:39:06.119] ReinstallHook: OK
[02:39:11.120] ReinstallHook: OK
[02:39:16.116] ReinstallHook: OK
[02:39:21.123] ReinstallHook: OK
[02:39:26.119] ReinstallHook: OK
[02:39:31.124] ReinstallHook: OK
[02:39:36.118] ReinstallHook: OK
[02:39:41.116] ReinstallHook: OK
[02:39:46.118] ReinstallHook: OK
[02:39:51.115] ReinstallHook: OK
[02:39:56.118] ReinstallHook: OK
[02:40:01.118] ReinstallHook: OK
[02:40:06.117] ReinstallHook: OK
[02:40:11.126] ReinstallHook: OK
[02:40:16.118] ReinstallHook: OK
[02:40:21.116] ReinstallHook: OK
[02:40:26.117] ReinstallHook: OK
[02:40:31.125] ReinstallHook: OK
[02:40:36.117] ReinstallHook: OK
[02:40:41.124] ReinstallHook: OK
[02:40:46.113] ReinstallHook: OK
[02:40:51.123] ReinstallHook: OK
[02:40:56.117] ReinstallHook: OK
[02:41:01.123] ReinstallHook: OK
[02:41:06.116] ReinstallHook: OK
[02:41:11.115] ReinstallHook: OK
[02:41:16.113] ReinstallHook: OK
[02:41:21.116] ReinstallHook: OK
[02:41:26.116] ReinstallHook: OK
[02:41:31.121] ReinstallHook: OK
[02:41:36.116] ReinstallHook: OK
[02:41:41.124] ReinstallHook: OK
[02:41:46.115] ReinstallHook: OK
[02:41:51.113] ReinstallHook: OK
[02:41:56.115] ReinstallHook: OK
[02:42:01.118] ReinstallHook: OK
[02:42:06.115] ReinstallHook: OK
[02:42:11.119] ReinstallHook: OK
[02:42:16.115] ReinstallHook: OK
[02:42:21.118] ReinstallHook: OK
[02:42:26.115] ReinstallHook: OK
[02:42:31.120] ReinstallHook: OK
[02:42:35.705] KEY vk=0xFF (255), modKey=0, capturing=0
[02:42:36.114] ReinstallHook: OK
[02:42:36.689] KEY vk=0xFF (255), modKey=0, capturing=0
[02:42:41.110] ReinstallHook: OK
[02:42:46.114] ReinstallHook: OK
[13:35:08.487] Hook installed OK
[13:35:08.489] WorkerLoop started
[13:35:08.561] KEY vk=0x20 (32), modKey=0, capturing=0
[13:35:08.648] KEY vk=0x4E (78), modKey=0, capturing=0
[13:35:08.790] KEY vk=0x41 (65), modKey=0, capturing=0
[13:35:08.959] KEY vk=0x50 (80), modKey=0, capturing=0
[13:35:09.050] KEY vk=0x20 (32), modKey=0, capturing=0
[13:35:09.400] KEY vk=0x43 (67), modKey=0, capturing=0
[13:35:09.504] KEY vk=0x41 (65), modKey=0, capturing=0
[13:35:09.697] KEY vk=0x4B (75), modKey=0, capturing=0
[13:35:10.063] KEY vk=0x8 (8), modKey=0, capturing=0
[13:35:10.303] KEY vk=0x4D (77), modKey=0, capturing=0
[13:35:10.702] KEY vk=0x4E (78), modKey=0, capturing=0
[13:35:10.896] KEY vk=0x20 (32), modKey=0, capturing=0
[13:35:11.242] KEY vk=0x8 (8), modKey=0, capturing=0
[13:35:11.390] KEY vk=0x8 (8), modKey=0, capturing=0
[13:35:11.558] KEY vk=0x8 (8), modKey=0, capturing=0
[13:35:11.596] KEY vk=0x4E (78), modKey=0, capturing=0
[13:35:12.012] KEY vk=0x20 (32), modKey=0, capturing=0
[13:35:12.204] KEY vk=0x48 (72), modKey=0, capturing=0
[13:35:12.439] KEY vk=0x45 (69), modKey=0, capturing=0
[13:35:12.535] KEY vk=0x4C (76), modKey=0, capturing=0
[13:35:12.642] KEY vk=0x50 (80), modKey=0, capturing=0
[13:35:12.780] KEY vk=0xA0 (160), modKey=0, capturing=0
[13:35:12.837] KEY vk=0xBF (191), modKey=0, capturing=0
[13:35:13.139] KEY vk=0xD (13), modKey=0, capturing=0
[13:35:13.559] ReinstallHook: OK
[13:35:18.561] ReinstallHook: OK
[13:35:23.563] ReinstallHook: OK
[13:35:26.255] KEY vk=0x78 (120), modKey=0, capturing=0
[13:35:26.255] -> menuKey matched, toggling menu
[13:35:26.255] Worker: menu toggle
[13:35:27.270] KEY vk=0x78 (120), modKey=0, capturing=0
[13:35:27.270] -> menuKey matched, toggling menu
[13:35:27.270] Worker: menu toggle
[13:35:27.567] KEY vk=0x78 (120), modKey=0, capturing=0
[13:35:27.567] -> menuKey matched, toggling menu
[13:35:27.567] Worker: menu toggle
[13:35:28.568] ReinstallHook: OK
[13:35:31.224] KEY vk=0x77 (119), modKey=0, capturing=1
[13:35:33.570] ReinstallHook: OK
[13:35:34.201] KEY vk=0x78 (120), modKey=0, capturing=1
[13:35:37.382] KEY vk=0x78 (120), modKey=0, capturing=0
[13:35:37.383] -> infoKey matched, requesting track info
[13:35:37.383] Worker: track info
[13:35:38.560] ReinstallHook: OK
[13:35:43.567] ReinstallHook: OK
[13:35:44.026] KEY vk=0xAE (174), modKey=0, capturing=0
[13:35:44.026] -> VOL key, modKey=0, modPressed=1
[13:35:44.026] -> queuing volume change
[13:35:44.026] Worker: volume change
[13:35:44.034] Worker: vol changed to 99% (spotify.exe)
[13:35:44.102] KEY vk=0xAE (174), modKey=0, capturing=0
[13:35:44.102] -> VOL key, modKey=0, modPressed=1
[13:35:44.102] -> queuing volume change
[13:35:44.102] Worker: volume change
[13:35:44.108] Worker: vol changed to 98% (spotify.exe)
[13:35:44.474] KEY vk=0xAE (174), modKey=0, capturing=0
[13:35:44.474] -> VOL key, modKey=0, modPressed=1
[13:35:44.474] -> queuing volume change
[13:35:44.474] Worker: volume change
[13:35:44.483] Worker: vol changed to 97% (spotify.exe)
[13:35:44.572] KEY vk=0xAE (174), modKey=0, capturing=0
[13:35:44.572] -> VOL key, modKey=0, modPressed=1
[13:35:44.573] -> queuing volume change
[13:35:44.573] Worker: volume change
[13:35:44.580] Worker: vol changed to 96% (spotify.exe)
[13:35:44.867] KEY vk=0xAF (175), modKey=0, capturing=0
[13:35:44.867] -> VOL key, modKey=0, modPressed=1
[13:35:44.867] -> queuing volume change
[13:35:44.868] Worker: volume change
[13:35:44.874] Worker: vol changed to 97% (spotify.exe)
[13:35:44.908] KEY vk=0xAF (175), modKey=0, capturing=0
[13:35:44.909] -> VOL key, modKey=0, modPressed=1
[13:35:44.909] -> queuing volume change
[13:35:44.909] Worker: volume change
[13:35:44.916] Worker: vol changed to 98% (spotify.exe)
[13:35:45.201] KEY vk=0xAF (175), modKey=0, capturing=0
[13:35:45.201] -> VOL key, modKey=0, modPressed=1
[13:35:45.201] -> queuing volume change
[13:35:45.201] Worker: volume change
[13:35:45.207] Worker: vol changed to 99% (spotify.exe)
[13:35:45.254] KEY vk=0xAF (175), modKey=0, capturing=0
[13:35:45.254] -> VOL key, modKey=0, modPressed=1
[13:35:45.255] -> queuing volume change
[13:35:45.255] Worker: volume change
[13:35:45.261] Worker: vol changed to 100% (spotify.exe)
[13:35:48.568] ReinstallHook: OK
[13:35:53.567] ReinstallHook: OK
[13:35:58.564] ReinstallHook: OK
[13:36:01.356] KEY vk=0xAE (174), modKey=0, capturing=0
[13:36:01.356] -> VOL key, modKey=0, modPressed=1
[13:36:01.356] -> queuing volume change
[13:36:01.356] Worker: volume change
[13:36:01.362] Worker: vol changed to 99% (spotify.exe)
[13:36:01.651] KEY vk=0xAE (174), modKey=0, capturing=0
[13:36:01.651] -> VOL key, modKey=0, modPressed=1
[13:36:01.651] -> queuing volume change
[13:36:01.651] Worker: volume change
[13:36:01.658] Worker: vol changed to 98% (spotify.exe)
[13:36:01.972] KEY vk=0xAE (174), modKey=0, capturing=0
[13:36:01.972] -> VOL key, modKey=0, modPressed=1
[13:36:01.972] -> queuing volume change
[13:36:01.972] Worker: volume change
[13:36:01.979] Worker: vol changed to 97% (spotify.exe)
[13:36:02.212] KEY vk=0xAE (174), modKey=0, capturing=0
[13:36:02.212] -> VOL key, modKey=0, modPressed=1
[13:36:02.212] -> queuing volume change
[13:36:02.212] Worker: volume change
[13:36:02.219] Worker: vol changed to 96% (spotify.exe)
[13:36:02.373] KEY vk=0xAE (174), modKey=0, capturing=0
[13:36:02.373] -> VOL key, modKey=0, modPressed=1
[13:36:02.374] -> queuing volume change
[13:36:02.374] Worker: volume change
[13:36:02.380] Worker: vol changed to 95% (spotify.exe)
[13:36:02.606] KEY vk=0xAE (174), modKey=0, capturing=0
[13:36:02.606] -> VOL key, modKey=0, modPressed=1
[13:36:02.606] -> queuing volume change
[13:36:02.606] Worker: volume change
[13:36:02.613] Worker: vol changed to 94% (spotify.exe)
[13:36:02.751] KEY vk=0xAE (174), modKey=0, capturing=0
[13:36:02.751] -> VOL key, modKey=0, modPressed=1
[13:36:02.751] -> queuing volume change
[13:36:02.752] Worker: volume change
[13:36:02.759] Worker: vol changed to 93% (spotify.exe)
[13:36:03.567] ReinstallHook: OK
[13:36:03.744] KEY vk=0xAE (174), modKey=0, capturing=0
[13:36:03.744] -> VOL key, modKey=0, modPressed=1
[13:36:03.745] -> queuing volume change
[13:36:03.745] Worker: volume change
[13:36:03.752] Worker: vol changed to 92% (spotify.exe)
[13:36:03.780] KEY vk=0xAE (174), modKey=0, capturing=0
[13:36:03.780] -> VOL key, modKey=0, modPressed=1
[13:36:03.780] -> queuing volume change
[13:36:03.781] Worker: volume change
[13:36:03.788] Worker: vol changed to 91% (spotify.exe)
[13:36:03.799] KEY vk=0xAE (174), modKey=0, capturing=0
[13:36:03.799] -> VOL key, modKey=0, modPressed=1
[13:36:03.799] -> queuing volume change
[13:36:03.799] Worker: volume change
[13:36:03.805] Worker: vol changed to 90% (spotify.exe)
[13:36:03.816] KEY vk=0xAE (174), modKey=0, capturing=0
[13:36:03.816] -> VOL key, modKey=0, modPressed=1
[13:36:03.816] -> queuing volume change
[13:36:03.816] Worker: volume change
[13:36:03.823] Worker: vol changed to 89% (spotify.exe)
[13:36:03.832] KEY vk=0xAE (174), modKey=0, capturing=0
[13:36:03.832] -> VOL key, modKey=0, modPressed=1
[13:36:03.832] -> queuing volume change
[13:36:03.832] Worker: volume change
[13:36:03.838] Worker: vol changed to 88% (spotify.exe)
[13:36:03.853] KEY vk=0xAE (174), modKey=0, capturing=0
[13:36:03.853] -> VOL key, modKey=0, modPressed=1
[13:36:03.853] -> queuing volume change
[13:36:03.853] Worker: volume change
[13:36:03.859] Worker: vol changed to 87% (spotify.exe)
[13:36:03.865] KEY vk=0xAE (174), modKey=0, capturing=0
[13:36:03.865] -> VOL key, modKey=0, modPressed=1
[13:36:03.865] -> queuing volume change
[13:36:03.865] Worker: volume change
[13:36:03.871] Worker: vol changed to 86% (spotify.exe)
[13:36:03.880] KEY vk=0xAE (174), modKey=0, capturing=0
[13:36:03.880] -> VOL key, modKey=0, modPressed=1
[13:36:03.880] -> queuing volume change
[13:36:03.880] Worker: volume change
[13:36:03.887] Worker: vol changed to 85% (spotify.exe)
[13:36:03.891] KEY vk=0xAE (174), modKey=0, capturing=0
[13:36:03.891] -> VOL key, modKey=0, modPressed=1
[13:36:03.891] -> queuing volume change
[13:36:03.891] Worker: volume change
[13:36:03.897] Worker: vol changed to 84% (spotify.exe)
[13:36:03.903] KEY vk=0xAE (174), modKey=0, capturing=0
[13:36:03.903] -> VOL key, modKey=0, modPressed=1
[13:36:03.903] -> queuing volume change
[13:36:03.903] Worker: volume change
[13:36:03.908] Worker: vol changed to 83% (spotify.exe)
[13:36:04.191] KEY vk=0xAE (174), modKey=0, capturing=0
[13:36:04.191] -> VOL key, modKey=0, modPressed=1
[13:36:04.191] -> queuing volume change
[13:36:04.191] Worker: volume change
[13:36:04.198] Worker: vol changed to 82% (spotify.exe)
[13:36:04.214] KEY vk=0xAE (174), modKey=0, capturing=0
[13:36:04.214] -> VOL key, modKey=0, modPressed=1
[13:36:04.214] -> queuing volume change
[13:36:04.214] Worker: volume change
[13:36:04.220] Worker: vol changed to 81% (spotify.exe)
[13:36:04.242] KEY vk=0xAE (174), modKey=0, capturing=0
[13:36:04.242] -> VOL key, modKey=0, modPressed=1
[13:36:04.242] -> queuing volume change
[13:36:04.242] Worker: volume change
[13:36:04.249] Worker: vol changed to 80% (spotify.exe)
[13:36:04.287] KEY vk=0xAE (174), modKey=0, capturing=0
[13:36:04.287] -> VOL key, modKey=0, modPressed=1
[13:36:04.287] -> queuing volume change
[13:36:04.287] Worker: volume change
[13:36:04.293] Worker: vol changed to 79% (spotify.exe)
[13:36:04.303] KEY vk=0xAE (174), modKey=0, capturing=0
[13:36:04.303] -> VOL key, modKey=0, modPressed=1
[13:36:04.303] -> queuing volume change
[13:36:04.303] Worker: volume change
[13:36:04.309] Worker: vol changed to 78% (spotify.exe)
[13:36:04.321] KEY vk=0xAE (174), modKey=0, capturing=0
[13:36:04.321] -> VOL key, modKey=0, modPressed=1
[13:36:04.321] -> queuing volume change
[13:36:04.321] Worker: volume change
[13:36:04.328] Worker: vol changed to 77% (spotify.exe)
[13:36:04.332] KEY vk=0xAE (174), modKey=0, capturing=0
[13:36:04.332] -> VOL key, modKey=0, modPressed=1
[13:36:04.332] -> queuing volume change
[13:36:04.332] Worker: volume change
[13:36:04.339] Worker: vol changed to 76% (spotify.exe)
[13:36:04.353] KEY vk=0xAE (174), modKey=0, capturing=0
[13:36:04.353] -> VOL key, modKey=0, modPressed=1
[13:36:04.353] -> queuing volume change
[13:36:04.353] Worker: volume change
[13:36:04.360] Worker: vol changed to 75% (spotify.exe)
[13:36:04.656] KEY vk=0xAE (174), modKey=0, capturing=0
[13:36:04.656] -> VOL key, modKey=0, modPressed=1
[13:36:04.656] -> queuing volume change
[13:36:04.656] Worker: volume change
[13:36:04.662] Worker: vol changed to 74% (spotify.exe)
[13:36:04.670] KEY vk=0xAE (174), modKey=0, capturing=0
[13:36:04.670] -> VOL key, modKey=0, modPressed=1
[13:36:04.670] -> queuing volume change
[13:36:04.670] Worker: volume change
[13:36:04.676] Worker: vol changed to 73% (spotify.exe)
[13:36:04.680] KEY vk=0xAE (174), modKey=0, capturing=0
[13:36:04.680] -> VOL key, modKey=0, modPressed=1
[13:36:04.680] -> queuing volume change
[13:36:04.680] Worker: volume change
[13:36:04.686] Worker: vol changed to 72% (spotify.exe)
[13:36:04.695] KEY vk=0xAE (174), modKey=0, capturing=0
[13:36:04.695] -> VOL key, modKey=0, modPressed=1
[13:36:04.695] -> queuing volume change
[13:36:04.695] Worker: volume change
[13:36:04.701] Worker: vol changed to 71% (spotify.exe)
[13:36:04.706] KEY vk=0xAE (174), modKey=0, capturing=0
[13:36:04.706] -> VOL key, modKey=0, modPressed=1
[13:36:04.706] -> queuing volume change
[13:36:04.706] Worker: volume change
[13:36:04.712] Worker: vol changed to 70% (spotify.exe)
[13:36:04.728] KEY vk=0xAE (174), modKey=0, capturing=0
[13:36:04.728] -> VOL key, modKey=0, modPressed=1
[13:36:04.728] -> queuing volume change
[13:36:04.728] Worker: volume change
[13:36:04.734] Worker: vol changed to 69% (spotify.exe)
[13:36:04.743] KEY vk=0xAE (174), modKey=0, capturing=0
[13:36:04.743] -> VOL key, modKey=0, modPressed=1
[13:36:04.743] -> queuing volume change
[13:36:04.743] Worker: volume change
[13:36:04.750] Worker: vol changed to 68% (spotify.exe)
[13:36:04.765] KEY vk=0xAE (174), modKey=0, capturing=0
[13:36:04.765] -> VOL key, modKey=0, modPressed=1
[13:36:04.765] -> queuing volume change
[13:36:04.766] Worker: volume change
[13:36:04.772] Worker: vol changed to 67% (spotify.exe)
[13:36:04.782] KEY vk=0xAE (174), modKey=0, capturing=0
[13:36:04.782] -> VOL key, modKey=0, modPressed=1
[13:36:04.782] -> queuing volume change
[13:36:04.782] Worker: volume change
[13:36:04.788] Worker: vol changed to 66% (spotify.exe)
[13:36:04.796] KEY vk=0xAE (174), modKey=0, capturing=0
[13:36:04.796] -> VOL key, modKey=0, modPressed=1
[13:36:04.796] -> queuing volume change
[13:36:04.796] Worker: volume change
[13:36:04.802] Worker: vol changed to 65% (spotify.exe)
[13:36:05.046] KEY vk=0xAE (174), modKey=0, capturing=0
[13:36:05.046] -> VOL key, modKey=0, modPressed=1
[13:36:05.046] -> queuing volume change
[13:36:05.046] Worker: volume change
[13:36:05.053] Worker: vol changed to 64% (spotify.exe)
[13:36:05.084] KEY vk=0xAE (174), modKey=0, capturing=0
[13:36:05.084] -> VOL key, modKey=0, modPressed=1
[13:36:05.084] -> queuing volume change
[13:36:05.084] Worker: volume change
[13:36:05.089] Worker: vol changed to 63% (spotify.exe)
[13:36:05.107] KEY vk=0xAE (174), modKey=0, capturing=0
[13:36:05.107] -> VOL key, modKey=0, modPressed=1
[13:36:05.107] -> queuing volume change
[13:36:05.107] Worker: volume change
[13:36:05.113] Worker: vol changed to 62% (spotify.exe)
[13:36:05.128] KEY vk=0xAE (174), modKey=0, capturing=0
[13:36:05.128] -> VOL key, modKey=0, modPressed=1
[13:36:05.128] -> queuing volume change
[13:36:05.129] Worker: volume change
[13:36:05.136] Worker: vol changed to 61% (spotify.exe)
[13:36:05.143] KEY vk=0xAE (174), modKey=0, capturing=0
[13:36:05.143] -> VOL key, modKey=0, modPressed=1
[13:36:05.143] -> queuing volume change
[13:36:05.143] Worker: volume change
[13:36:05.149] Worker: vol changed to 60% (spotify.exe)
[13:36:05.158] KEY vk=0xAE (174), modKey=0, capturing=0
[13:36:05.158] -> VOL key, modKey=0, modPressed=1
[13:36:05.158] -> queuing volume change
[13:36:05.159] Worker: volume change
[13:36:05.166] Worker: vol changed to 59% (spotify.exe)
[13:36:05.176] KEY vk=0xAE (174), modKey=0, capturing=0
[13:36:05.176] -> VOL key, modKey=0, modPressed=1
[13:36:05.176] -> queuing volume change
[13:36:05.176] Worker: volume change
[13:36:05.183] Worker: vol changed to 58% (spotify.exe)
[13:36:05.194] KEY vk=0xAE (174), modKey=0, capturing=0
[13:36:05.194] -> VOL key, modKey=0, modPressed=1
[13:36:05.194] -> queuing volume change
[13:36:05.194] Worker: volume change
[13:36:05.201] Worker: vol changed to 57% (spotify.exe)
[13:36:05.207] KEY vk=0xAE (174), modKey=0, capturing=0
[13:36:05.207] -> VOL key, modKey=0, modPressed=1
[13:36:05.207] -> queuing volume change
[13:36:05.208] Worker: volume change
[13:36:05.214] Worker: vol changed to 56% (spotify.exe)
[13:36:05.228] KEY vk=0xAE (174), modKey=0, capturing=0
[13:36:05.228] -> VOL key, modKey=0, modPressed=1
[13:36:05.228] -> queuing volume change
[13:36:05.228] Worker: volume change
[13:36:05.234] Worker: vol changed to 55% (spotify.exe)
[13:36:05.891] KEY vk=0xAD (173), modKey=0, capturing=0
[13:36:05.891] -> VK_VOLUME_MUTE -> queuing play/pause
[13:36:05.891] Worker: sending play/pause
[13:36:05.893] KEY vk=0xB3 (179), modKey=0, capturing=0
[13:36:07.271] KEY vk=0xAD (173), modKey=0, capturing=0
[13:36:07.271] -> VK_VOLUME_MUTE -> queuing play/pause
[13:36:07.271] Worker: sending play/pause
[13:36:07.273] KEY vk=0xB3 (179), modKey=0, capturing=0
[13:36:08.480] KEY vk=0xAF (175), modKey=0, capturing=0
[13:36:08.481] -> VOL key, modKey=0, modPressed=1
[13:36:08.481] -> queuing volume change
[13:36:08.481] Worker: volume change
[13:36:08.488] Worker: vol changed to 56% (spotify.exe)
[13:36:08.511] KEY vk=0xAF (175), modKey=0, capturing=0
[13:36:08.511] -> VOL key, modKey=0, modPressed=1
[13:36:08.511] -> queuing volume change
[13:36:08.511] Worker: volume change
[13:36:08.518] Worker: vol changed to 57% (spotify.exe)
[13:36:08.537] KEY vk=0xAF (175), modKey=0, capturing=0
[13:36:08.537] -> VOL key, modKey=0, modPressed=1
[13:36:08.537] -> queuing volume change
[13:36:08.537] Worker: volume change
[13:36:08.544] Worker: vol changed to 58% (spotify.exe)
[13:36:08.559] ReinstallHook: OK
[13:36:08.571] KEY vk=0xAF (175), modKey=0, capturing=0
[13:36:08.571] -> VOL key, modKey=0, modPressed=1
[13:36:08.571] -> queuing volume change
[13:36:08.571] Worker: volume change
[13:36:08.578] Worker: vol changed to 59% (spotify.exe)
[13:36:08.591] KEY vk=0xAF (175), modKey=0, capturing=0
[13:36:08.591] -> VOL key, modKey=0, modPressed=1
[13:36:08.591] -> queuing volume change
[13:36:08.591] Worker: volume change
[13:36:08.597] Worker: vol changed to 60% (spotify.exe)
[13:36:08.617] KEY vk=0xAF (175), modKey=0, capturing=0
[13:36:08.617] -> VOL key, modKey=0, modPressed=1
[13:36:08.617] -> queuing volume change
[13:36:08.617] Worker: volume change
[13:36:08.623] Worker: vol changed to 61% (spotify.exe)
[13:36:08.639] KEY vk=0xAF (175), modKey=0, capturing=0
[13:36:08.639] -> VOL key, modKey=0, modPressed=1
[13:36:08.639] -> queuing volume change
[13:36:08.639] Worker: volume change
[13:36:08.645] Worker: vol changed to 62% (spotify.exe)
[13:36:08.682] KEY vk=0xAF (175), modKey=0, capturing=0
[13:36:08.682] -> VOL key, modKey=0, modPressed=1
[13:36:08.682] -> queuing volume change
[13:36:08.682] Worker: volume change
[13:36:08.689] Worker: vol changed to 63% (spotify.exe)
[13:36:09.044] KEY vk=0xAF (175), modKey=0, capturing=0
[13:36:09.044] -> VOL key, modKey=0, modPressed=1
[13:36:09.044] -> queuing volume change
[13:36:09.045] Worker: volume change
[13:36:09.052] Worker: vol changed to 64% (spotify.exe)
[13:36:09.060] KEY vk=0xAF (175), modKey=0, capturing=0
[13:36:09.060] -> VOL key, modKey=0, modPressed=1
[13:36:09.060] -> queuing volume change
[13:36:09.061] Worker: volume change
[13:36:09.067] Worker: vol changed to 65% (spotify.exe)
[13:36:09.076] KEY vk=0xAF (175), modKey=0, capturing=0
[13:36:09.076] -> VOL key, modKey=0, modPressed=1
[13:36:09.076] -> queuing volume change
[13:36:09.076] Worker: volume change
[13:36:09.082] Worker: vol changed to 66% (spotify.exe)
[13:36:09.093] KEY vk=0xAF (175), modKey=0, capturing=0
[13:36:09.093] -> VOL key, modKey=0, modPressed=1
[13:36:09.093] -> queuing volume change
[13:36:09.093] Worker: volume change
[13:36:09.099] Worker: vol changed to 67% (spotify.exe)
[13:36:09.108] KEY vk=0xAF (175), modKey=0, capturing=0
[13:36:09.108] -> VOL key, modKey=0, modPressed=1
[13:36:09.108] -> queuing volume change
[13:36:09.108] Worker: volume change
[13:36:09.114] Worker: vol changed to 68% (spotify.exe)
[13:36:09.126] KEY vk=0xAF (175), modKey=0, capturing=0
[13:36:09.126] -> VOL key, modKey=0, modPressed=1
[13:36:09.127] -> queuing volume change
[13:36:09.127] Worker: volume change
[13:36:09.133] Worker: vol changed to 69% (spotify.exe)
[13:36:09.143] KEY vk=0xAF (175), modKey=0, capturing=0
[13:36:09.143] -> VOL key, modKey=0, modPressed=1
[13:36:09.143] -> queuing volume change
[13:36:09.143] Worker: volume change
[13:36:09.149] Worker: vol changed to 70% (spotify.exe)
[13:36:09.170] KEY vk=0xAF (175), modKey=0, capturing=0
[13:36:09.170] -> VOL key, modKey=0, modPressed=1
[13:36:09.170] -> queuing volume change
[13:36:09.170] Worker: volume change
[13:36:09.177] Worker: vol changed to 71% (spotify.exe)
[13:36:09.505] KEY vk=0xAF (175), modKey=0, capturing=0
[13:36:09.505] -> VOL key, modKey=0, modPressed=1
[13:36:09.506] -> queuing volume change
[13:36:09.506] Worker: volume change
[13:36:09.514] Worker: vol changed to 72% (spotify.exe)
[13:36:09.526] KEY vk=0xAF (175), modKey=0, capturing=0
[13:36:09.526] -> VOL key, modKey=0, modPressed=1
[13:36:09.526] -> queuing volume change
[13:36:09.526] Worker: volume change
[13:36:09.533] Worker: vol changed to 73% (spotify.exe)
[13:36:09.537] KEY vk=0xAF (175), modKey=0, capturing=0
[13:36:09.537] -> VOL key, modKey=0, modPressed=1
[13:36:09.537] -> queuing volume change
[13:36:09.537] Worker: volume change
[13:36:09.544] Worker: vol changed to 74% (spotify.exe)
[13:36:09.551] KEY vk=0xAF (175), modKey=0, capturing=0
[13:36:09.551] -> VOL key, modKey=0, modPressed=1
[13:36:09.551] -> queuing volume change
[13:36:09.552] Worker: volume change
[13:36:09.557] Worker: vol changed to 75% (spotify.exe)
[13:36:09.564] KEY vk=0xAF (175), modKey=0, capturing=0
[13:36:09.564] -> VOL key, modKey=0, modPressed=1
[13:36:09.564] -> queuing volume change
[13:36:09.564] Worker: volume change
[13:36:09.569] Worker: vol changed to 76% (spotify.exe)
[13:36:09.580] KEY vk=0xAF (175), modKey=0, capturing=0
[13:36:09.580] -> VOL key, modKey=0, modPressed=1
[13:36:09.580] -> queuing volume change
[13:36:09.580] Worker: volume change
[13:36:09.586] Worker: vol changed to 77% (spotify.exe)
[13:36:09.597] KEY vk=0xAF (175), modKey=0, capturing=0
[13:36:09.597] -> VOL key, modKey=0, modPressed=1
[13:36:09.597] -> queuing volume change
[13:36:09.597] Worker: volume change
[13:36:09.604] Worker: vol changed to 78% (spotify.exe)
[13:36:09.921] KEY vk=0xAF (175), modKey=0, capturing=0
[13:36:09.921] -> VOL key, modKey=0, modPressed=1
[13:36:09.921] -> queuing volume change
[13:36:09.922] Worker: volume change
[13:36:09.928] Worker: vol changed to 79% (spotify.exe)
[13:36:09.937] KEY vk=0xAF (175), modKey=0, capturing=0
[13:36:09.937] -> VOL key, modKey=0, modPressed=1
[13:36:09.937] -> queuing volume change
[13:36:09.937] Worker: volume change
[13:36:09.943] Worker: vol changed to 80% (spotify.exe)
[13:36:09.955] KEY vk=0xAF (175), modKey=0, capturing=0
[13:36:09.955] -> VOL key, modKey=0, modPressed=1
[13:36:09.955] -> queuing volume change
[13:36:09.955] Worker: volume change
[13:36:09.960] Worker: vol changed to 81% (spotify.exe)
[13:36:09.969] KEY vk=0xAF (175), modKey=0, capturing=0
[13:36:09.969] -> VOL key, modKey=0, modPressed=1
[13:36:09.969] -> queuing volume change
[13:36:09.969] Worker: volume change
[13:36:09.974] Worker: vol changed to 82% (spotify.exe)
[13:36:09.987] KEY vk=0xAF (175), modKey=0, capturing=0
[13:36:09.987] -> VOL key, modKey=0, modPressed=1
[13:36:09.987] -> queuing volume change
[13:36:09.987] Worker: volume change
[13:36:09.993] Worker: vol changed to 83% (spotify.exe)
[13:36:10.009] KEY vk=0xAF (175), modKey=0, capturing=0
[13:36:10.009] -> VOL key, modKey=0, modPressed=1
[13:36:10.009] -> queuing volume change
[13:36:10.009] Worker: volume change
[13:36:10.015] Worker: vol changed to 84% (spotify.exe)
[13:36:10.312] KEY vk=0xAF (175), modKey=0, capturing=0
[13:36:10.312] -> VOL key, modKey=0, modPressed=1
[13:36:10.312] -> queuing volume change
[13:36:10.312] Worker: volume change
[13:36:10.319] Worker: vol changed to 85% (spotify.exe)
[13:36:10.324] KEY vk=0xAF (175), modKey=0, capturing=0
[13:36:10.324] -> VOL key, modKey=0, modPressed=1
[13:36:10.324] -> queuing volume change
[13:36:10.324] Worker: volume change
[13:36:10.331] Worker: vol changed to 86% (spotify.exe)
[13:36:10.343] KEY vk=0xAF (175), modKey=0, capturing=0
[13:36:10.343] -> VOL key, modKey=0, modPressed=1
[13:36:10.343] -> queuing volume change
[13:36:10.344] Worker: volume change
[13:36:10.349] Worker: vol changed to 87% (spotify.exe)
[13:36:10.351] KEY vk=0xAF (175), modKey=0, capturing=0
[13:36:10.351] -> VOL key, modKey=0, modPressed=1
[13:36:10.351] -> queuing volume change
[13:36:10.351] Worker: volume change
[13:36:10.357] Worker: vol changed to 88% (spotify.exe)
[13:36:10.367] KEY vk=0xAF (175), modKey=0, capturing=0
[13:36:10.367] -> VOL key, modKey=0, modPressed=1
[13:36:10.367] -> queuing volume change
[13:36:10.367] Worker: volume change
[13:36:10.374] Worker: vol changed to 89% (spotify.exe)
[13:36:10.658] KEY vk=0xAF (175), modKey=0, capturing=0
[13:36:10.659] -> VOL key, modKey=0, modPressed=1
[13:36:10.659] -> queuing volume change
[13:36:10.659] Worker: volume change
[13:36:10.666] Worker: vol changed to 90% (spotify.exe)
[13:36:10.677] KEY vk=0xAF (175), modKey=0, capturing=0
[13:36:10.677] -> VOL key, modKey=0, modPressed=1
[13:36:10.677] -> queuing volume change
[13:36:10.677] Worker: volume change
[13:36:10.684] Worker: vol changed to 91% (spotify.exe)
[13:36:10.691] KEY vk=0xAF (175), modKey=0, capturing=0
[13:36:10.691] -> VOL key, modKey=0, modPressed=1
[13:36:10.691] -> queuing volume change
[13:36:10.691] Worker: volume change
[13:36:10.698] Worker: vol changed to 92% (spotify.exe)
[13:36:10.704] KEY vk=0xAF (175), modKey=0, capturing=0
[13:36:10.704] -> VOL key, modKey=0, modPressed=1
[13:36:10.704] -> queuing volume change
[13:36:10.704] Worker: volume change
[13:36:10.710] Worker: vol changed to 93% (spotify.exe)
[13:36:10.714] KEY vk=0xAF (175), modKey=0, capturing=0
[13:36:10.714] -> VOL key, modKey=0, modPressed=1
[13:36:10.714] -> queuing volume change
[13:36:10.714] Worker: volume change
[13:36:10.719] Worker: vol changed to 94% (spotify.exe)
[13:36:10.734] KEY vk=0xAF (175), modKey=0, capturing=0
[13:36:10.734] -> VOL key, modKey=0, modPressed=1
[13:36:10.734] -> queuing volume change
[13:36:10.735] Worker: volume change
[13:36:10.740] Worker: vol changed to 95% (spotify.exe)
[13:36:10.987] KEY vk=0xAF (175), modKey=0, capturing=0
[13:36:10.987] -> VOL key, modKey=0, modPressed=1
[13:36:10.987] -> queuing volume change
[13:36:10.987] Worker: volume change
[13:36:10.994] Worker: vol changed to 96% (spotify.exe)
[13:36:11.004] KEY vk=0xAF (175), modKey=0, capturing=0
[13:36:11.004] -> VOL key, modKey=0, modPressed=1
[13:36:11.004] -> queuing volume change
[13:36:11.004] Worker: volume change
[13:36:11.010] Worker: vol changed to 97% (spotify.exe)
[13:36:11.014] KEY vk=0xAF (175), modKey=0, capturing=0
[13:36:11.014] -> VOL key, modKey=0, modPressed=1
[13:36:11.014] -> queuing volume change
[13:36:11.014] Worker: volume change
[13:36:11.020] Worker: vol changed to 98% (spotify.exe)
[13:36:11.025] KEY vk=0xAF (175), modKey=0, capturing=0
[13:36:11.025] -> VOL key, modKey=0, modPressed=1
[13:36:11.025] -> queuing volume change
[13:36:11.025] Worker: volume change
[13:36:11.030] Worker: vol changed to 99% (spotify.exe)
[13:36:11.036] KEY vk=0xAF (175), modKey=0, capturing=0
[13:36:11.036] -> VOL key, modKey=0, modPressed=1
[13:36:11.036] -> queuing volume change
[13:36:11.036] Worker: volume change
[13:36:11.042] Worker: vol changed to 100% (spotify.exe)
[13:36:11.052] KEY vk=0xAF (175), modKey=0, capturing=0
[13:36:11.052] -> VOL key, modKey=0, modPressed=1
[13:36:11.052] -> queuing volume change
[13:36:11.052] Worker: volume change
[13:36:11.059] Worker: vol changed to 100% (spotify.exe)
[13:36:11.294] KEY vk=0xAF (175), modKey=0, capturing=0
[13:36:11.294] -> VOL key, modKey=0, modPressed=1
[13:36:11.294] -> queuing volume change
[13:36:11.295] Worker: volume change
[13:36:11.302] Worker: vol changed to 100% (spotify.exe)
[13:36:11.314] KEY vk=0xAF (175), modKey=0, capturing=0
[13:36:11.314] -> VOL key, modKey=0, modPressed=1
[13:36:11.314] -> queuing volume change
[13:36:11.314] Worker: volume change
[13:36:11.320] Worker: vol changed to 100% (spotify.exe)
[13:36:11.324] KEY vk=0xAF (175), modKey=0, capturing=0
[13:36:11.324] -> VOL key, modKey=0, modPressed=1
[13:36:11.325] -> queuing volume change
[13:36:11.325] Worker: volume change
[13:36:11.332] Worker: vol changed to 100% (spotify.exe)
[13:36:11.336] KEY vk=0xAF (175), modKey=0, capturing=0
[13:36:11.336] -> VOL key, modKey=0, modPressed=1
[13:36:11.336] -> queuing volume change
[13:36:11.336] Worker: volume change
[13:36:11.342] Worker: vol changed to 100% (spotify.exe)
[13:36:11.344] KEY vk=0xAF (175), modKey=0, capturing=0
[13:36:11.344] -> VOL key, modKey=0, modPressed=1
[13:36:11.344] -> queuing volume change
[13:36:11.344] Worker: volume change
[13:36:11.350] Worker: vol changed to 100% (spotify.exe)
[13:36:11.355] KEY vk=0xAF (175), modKey=0, capturing=0
[13:36:11.355] -> VOL key, modKey=0, modPressed=1
[13:36:11.355] -> queuing volume change
[13:36:11.355] Worker: volume change
[13:36:11.362] Worker: vol changed to 100% (spotify.exe)
[13:36:11.370] KEY vk=0xAF (175), modKey=0, capturing=0
[13:36:11.370] -> VOL key, modKey=0, modPressed=1
[13:36:11.370] -> queuing volume change
[13:36:11.370] Worker: volume change
[13:36:11.376] Worker: vol changed to 100% (spotify.exe)
[13:36:12.406] KEY vk=0x78 (120), modKey=0, capturing=0
[13:36:12.406] -> infoKey matched, requesting track info
[13:36:12.406] Worker: track info
[13:36:13.562] ReinstallHook: OK
[13:36:18.556] ReinstallHook: OK
[13:36:23.558] ReinstallHook: OK
[13:36:28.564] ReinstallHook: OK
[13:36:33.557] ReinstallHook: OK
[13:36:38.567] ReinstallHook: OK
[13:36:43.573] ReinstallHook: OK
[13:36:48.576] ReinstallHook: OK
[13:36:53.584] ReinstallHook: OK
[13:36:58.576] ReinstallHook: OK
[13:37:03.572] ReinstallHook: OK
[13:37:08.580] ReinstallHook: OK
[13:37:13.574] ReinstallHook: OK
[13:37:13.995] KEY vk=0xA0 (160), modKey=0, capturing=0
[13:37:14.116] KEY vk=0x49 (73), modKey=0, capturing=0
[13:37:14.319] KEY vk=0x54 (84), modKey=0, capturing=0
[13:37:14.396] KEY vk=0x20 (32), modKey=0, capturing=0
[13:37:14.482] KEY vk=0x49 (73), modKey=0, capturing=0
[13:37:14.742] KEY vk=0x53 (83), modKey=0, capturing=0
[13:37:15.183] KEY vk=0xA2 (162), modKey=0, capturing=0
[13:37:15.324] KEY vk=0x41 (65), modKey=0, capturing=0
[13:37:15.541] KEY vk=0xA0 (160), modKey=0, capturing=0
[13:37:15.651] KEY vk=0x54 (84), modKey=0, capturing=0
[13:37:15.876] KEY vk=0x48 (72), modKey=0, capturing=0
[13:37:15.962] KEY vk=0x41 (65), modKey=0, capturing=0
[13:37:16.088] KEY vk=0x54 (84), modKey=0, capturing=0
[13:37:16.283] KEY vk=0x53 (83), modKey=0, capturing=0
[13:37:16.390] KEY vk=0x20 (32), modKey=0, capturing=0
[13:37:16.507] KEY vk=0x53 (83), modKey=0, capturing=0
[13:37:16.583] KEY vk=0x4F (79), modKey=0, capturing=0
[13:37:16.684] KEY vk=0x20 (32), modKey=0, capturing=0
[13:37:16.812] KEY vk=0x53 (83), modKey=0, capturing=0
[13:37:16.941] KEY vk=0x41 (65), modKey=0, capturing=0
[13:37:17.303] KEY vk=0x44 (68), modKey=0, capturing=0
[13:37:17.374] KEY vk=0xA0 (160), modKey=0, capturing=0
[13:37:17.445] KEY vk=0x39 (57), modKey=0, capturing=0
[13:37:17.821] KEY vk=0xD (13), modKey=0, capturing=0
[13:37:18.578] ReinstallHook: OK
[13:37:23.582] ReinstallHook: OK
[13:37:25.160] KEY vk=0xAE (174), modKey=0, capturing=0
[13:37:25.160] -> VOL key, modKey=0, modPressed=1
[13:37:25.161] -> queuing volume change
[13:37:25.161] Worker: volume change
[13:37:25.168] Worker: vol changed to 99% (spotify.exe)
[13:37:25.193] KEY vk=0xAE (174), modKey=0, capturing=0
[13:37:25.194] -> VOL key, modKey=0, modPressed=1
[13:37:25.194] -> queuing volume change
[13:37:25.194] Worker: volume change
[13:37:25.201] Worker: vol changed to 98% (spotify.exe)
[13:37:25.237] KEY vk=0xAE (174), modKey=0, capturing=0
[13:37:25.237] -> VOL key, modKey=0, modPressed=1
[13:37:25.238] -> queuing volume change
[13:37:25.238] Worker: volume change
[13:37:25.244] Worker: vol changed to 97% (spotify.exe)
[13:37:25.370] KEY vk=0xAE (174), modKey=0, capturing=0
[13:37:25.370] -> VOL key, modKey=0, modPressed=1
[13:37:25.370] -> queuing volume change
[13:37:25.371] Worker: volume change
[13:37:25.376] Worker: vol changed to 96% (spotify.exe)
[13:37:25.459] KEY vk=0xAE (174), modKey=0, capturing=0
[13:37:25.459] -> VOL key, modKey=0, modPressed=1
[13:37:25.459] -> queuing volume change
[13:37:25.459] Worker: volume change
[13:37:25.466] Worker: vol changed to 95% (spotify.exe)
[13:37:25.521] KEY vk=0xAE (174), modKey=0, capturing=0
[13:37:25.521] -> VOL key, modKey=0, modPressed=1
[13:37:25.521] -> queuing volume change
[13:37:25.521] Worker: volume change
[13:37:25.527] Worker: vol changed to 94% (spotify.exe)
[13:37:25.898] KEY vk=0xAF (175), modKey=0, capturing=0
[13:37:25.898] -> VOL key, modKey=0, modPressed=1
[13:37:25.898] -> queuing volume change
[13:37:25.898] Worker: volume change
[13:37:25.905] Worker: vol changed to 95% (spotify.exe)
[13:37:25.924] KEY vk=0xAF (175), modKey=0, capturing=0
[13:37:25.924] -> VOL key, modKey=0, modPressed=1
[13:37:25.925] -> queuing volume change
[13:37:25.925] Worker: volume change
[13:37:25.930] Worker: vol changed to 96% (spotify.exe)
[13:37:25.944] KEY vk=0xAF (175), modKey=0, capturing=0
[13:37:25.944] -> VOL key, modKey=0, modPressed=1
[13:37:25.944] -> queuing volume change
[13:37:25.944] Worker: volume change
[13:37:25.950] Worker: vol changed to 97% (spotify.exe)
[13:37:25.957] KEY vk=0xAF (175), modKey=0, capturing=0
[13:37:25.957] -> VOL key, modKey=0, modPressed=1
[13:37:25.957] -> queuing volume change
[13:37:25.957] Worker: volume change
[13:37:25.963] Worker: vol changed to 98% (spotify.exe)
[13:37:25.972] KEY vk=0xAF (175), modKey=0, capturing=0
[13:37:25.972] -> VOL key, modKey=0, modPressed=1
[13:37:25.972] -> queuing volume change
[13:37:25.972] Worker: volume change
[13:37:25.978] Worker: vol changed to 99% (spotify.exe)
[13:37:25.988] KEY vk=0xAF (175), modKey=0, capturing=0
[13:37:25.988] -> VOL key, modKey=0, modPressed=1
[13:37:25.988] -> queuing volume change
[13:37:25.988] Worker: volume change
[13:37:25.994] Worker: vol changed to 100% (spotify.exe)
[13:37:26.001] KEY vk=0xAF (175), modKey=0, capturing=0
[13:37:26.001] -> VOL key, modKey=0, modPressed=1
[13:37:26.001] -> queuing volume change
[13:37:26.001] Worker: volume change
[13:37:26.007] Worker: vol changed to 100% (spotify.exe)
[13:37:26.016] KEY vk=0xAF (175), modKey=0, capturing=0
[13:37:26.016] -> VOL key, modKey=0, modPressed=1
[13:37:26.016] -> queuing volume change
[13:37:26.016] Worker: volume change
[13:37:26.022] Worker: vol changed to 100% (spotify.exe)
[13:37:26.034] KEY vk=0xAF (175), modKey=0, capturing=0
[13:37:26.034] -> VOL key, modKey=0, modPressed=1
[13:37:26.034] -> queuing volume change
[13:37:26.034] Worker: volume change
[13:37:26.040] Worker: vol changed to 100% (spotify.exe)
[13:37:26.231] KEY vk=0xAE (174), modKey=0, capturing=0
[13:37:26.231] -> VOL key, modKey=0, modPressed=1
[13:37:26.231] -> queuing volume change
[13:37:26.232] Worker: volume change
[13:37:26.238] Worker: vol changed to 99% (spotify.exe)
[13:37:26.281] KEY vk=0xAE (174), modKey=0, capturing=0
[13:37:26.281] -> VOL key, modKey=0, modPressed=1
[13:37:26.281] -> queuing volume change
[13:37:26.282] Worker: volume change
[13:37:26.288] Worker: vol changed to 98% (spotify.exe)
[13:37:26.351] KEY vk=0xAE (174), modKey=0, capturing=0
[13:37:26.351] -> VOL key, modKey=0, modPressed=1
[13:37:26.351] -> queuing volume change
[13:37:26.351] Worker: volume change
[13:37:26.358] Worker: vol changed to 97% (spotify.exe)
[13:37:26.402] KEY vk=0xAE (174), modKey=0, capturing=0
[13:37:26.402] -> VOL key, modKey=0, modPressed=1
[13:37:26.402] -> queuing volume change
[13:37:26.402] Worker: volume change
[13:37:26.409] Worker: vol changed to 96% (spotify.exe)
[13:37:26.431] KEY vk=0xAE (174), modKey=0, capturing=0
[13:37:26.431] -> VOL key, modKey=0, modPressed=1
[13:37:26.431] -> queuing volume change
[13:37:26.431] Worker: volume change
[13:37:26.437] Worker: vol changed to 95% (spotify.exe)
[13:37:26.451] KEY vk=0xAE (174), modKey=0, capturing=0
[13:37:26.451] -> VOL key, modKey=0, modPressed=1
[13:37:26.451] -> queuing volume change
[13:37:26.451] Worker: volume change
[13:37:26.457] Worker: vol changed to 94% (spotify.exe)
[13:37:26.467] KEY vk=0xAE (174), modKey=0, capturing=0
[13:37:26.467] -> VOL key, modKey=0, modPressed=1
[13:37:26.467] -> queuing volume change
[13:37:26.467] Worker: volume change
[13:37:26.473] Worker: vol changed to 93% (spotify.exe)
[13:37:26.486] KEY vk=0xAE (174), modKey=0, capturing=0
[13:37:26.486] -> VOL key, modKey=0, modPressed=1
[13:37:26.486] -> queuing volume change
[13:37:26.486] Worker: volume change
[13:37:26.492] Worker: vol changed to 92% (spotify.exe)
[13:37:26.507] KEY vk=0xAE (174), modKey=0, capturing=0
[13:37:26.507] -> VOL key, modKey=0, modPressed=1
[13:37:26.507] -> queuing volume change
[13:37:26.507] Worker: volume change
[13:37:26.513] Worker: vol changed to 91% (spotify.exe)
[13:37:26.524] KEY vk=0xAE (174), modKey=0, capturing=0
[13:37:26.525] -> VOL key, modKey=0, modPressed=1
[13:37:26.525] -> queuing volume change
[13:37:26.525] Worker: volume change
[13:37:26.530] Worker: vol changed to 90% (spotify.exe)
[13:37:26.541] KEY vk=0xAE (174), modKey=0, capturing=0
[13:37:26.541] -> VOL key, modKey=0, modPressed=1
[13:37:26.541] -> queuing volume change
[13:37:26.541] Worker: volume change
[13:37:26.547] Worker: vol changed to 89% (spotify.exe)
[13:37:26.557] KEY vk=0xAE (174), modKey=0, capturing=0
[13:37:26.557] -> VOL key, modKey=0, modPressed=1
[13:37:26.557] -> queuing volume change
[13:37:26.558] Worker: volume change
[13:37:26.563] Worker: vol changed to 88% (spotify.exe)
[13:37:26.572] KEY vk=0xAE (174), modKey=0, capturing=0
[13:37:26.572] -> VOL key, modKey=0, modPressed=1
[13:37:26.572] -> queuing volume change
[13:37:26.572] Worker: volume change
[13:37:26.578] Worker: vol changed to 87% (spotify.exe)
[13:37:26.585] KEY vk=0xAE (174), modKey=0, capturing=0
[13:37:26.585] -> VOL key, modKey=0, modPressed=1
[13:37:26.585] -> queuing volume change
[13:37:26.585] Worker: volume change
[13:37:26.592] Worker: vol changed to 86% (spotify.exe)
[13:37:26.597] KEY vk=0xAE (174), modKey=0, capturing=0
[13:37:26.597] -> VOL key, modKey=0, modPressed=1
[13:37:26.597] -> queuing volume change
[13:37:26.597] Worker: volume change
[13:37:26.604] Worker: vol changed to 85% (spotify.exe)
[13:37:26.608] KEY vk=0xAE (174), modKey=0, capturing=0
[13:37:26.609] -> VOL key, modKey=0, modPressed=1
[13:37:26.609] -> queuing volume change
[13:37:26.609] Worker: volume change
[13:37:26.615] Worker: vol changed to 84% (spotify.exe)
[13:37:26.622] KEY vk=0xAE (174), modKey=0, capturing=0
[13:37:26.622] -> VOL key, modKey=0, modPressed=1
[13:37:26.622] -> queuing volume change
[13:37:26.622] Worker: volume change
[13:37:26.628] Worker: vol changed to 83% (spotify.exe)
[13:37:27.018] KEY vk=0xAE (174), modKey=0, capturing=0
[13:37:27.018] -> VOL key, modKey=0, modPressed=1
[13:37:27.018] -> queuing volume change
[13:37:27.019] Worker: volume change
[13:37:27.025] Worker: vol changed to 82% (spotify.exe)
[13:37:27.074] KEY vk=0xAE (174), modKey=0, capturing=0
[13:37:27.075] -> VOL key, modKey=0, modPressed=1
[13:37:27.075] -> queuing volume change
[13:37:27.075] Worker: volume change
[13:37:27.083] Worker: vol changed to 81% (spotify.exe)
[13:37:27.142] KEY vk=0xAE (174), modKey=0, capturing=0
[13:37:27.142] -> VOL key, modKey=0, modPressed=1
[13:37:27.142] -> queuing volume change
[13:37:27.142] Worker: volume change
[13:37:27.149] Worker: vol changed to 80% (spotify.exe)
[13:37:27.177] KEY vk=0xAE (174), modKey=0, capturing=0
[13:37:27.177] -> VOL key, modKey=0, modPressed=1
[13:37:27.177] -> queuing volume change
[13:37:27.177] Worker: volume change
[13:37:27.183] Worker: vol changed to 79% (spotify.exe)
[13:37:27.216] KEY vk=0xAE (174), modKey=0, capturing=0
[13:37:27.216] -> VOL key, modKey=0, modPressed=1
[13:37:27.216] -> queuing volume change
[13:37:27.216] Worker: volume change
[13:37:27.223] Worker: vol changed to 78% (spotify.exe)
[13:37:27.250] KEY vk=0xAE (174), modKey=0, capturing=0
[13:37:27.250] -> VOL key, modKey=0, modPressed=1
[13:37:27.250] -> queuing volume change
[13:37:27.251] Worker: volume change
[13:37:27.256] Worker: vol changed to 77% (spotify.exe)
[13:37:27.287] KEY vk=0xAE (174), modKey=0, capturing=0
[13:37:27.288] -> VOL key, modKey=0, modPressed=1
[13:37:27.288] -> queuing volume change
[13:37:27.288] Worker: volume change
[13:37:27.293] Worker: vol changed to 76% (spotify.exe)
[13:37:27.314] KEY vk=0xAE (174), modKey=0, capturing=0
[13:37:27.314] -> VOL key, modKey=0, modPressed=1
[13:37:27.314] -> queuing volume change
[13:37:27.314] Worker: volume change
[13:37:27.320] Worker: vol changed to 75% (spotify.exe)
[13:37:27.336] KEY vk=0xAE (174), modKey=0, capturing=0
[13:37:27.336] -> VOL key, modKey=0, modPressed=1
[13:37:27.336] -> queuing volume change
[13:37:27.337] Worker: volume change
[13:37:27.342] Worker: vol changed to 74% (spotify.exe)
[13:37:27.356] KEY vk=0xAE (174), modKey=0, capturing=0
[13:37:27.356] -> VOL key, modKey=0, modPressed=1
[13:37:27.356] -> queuing volume change
[13:37:27.356] Worker: volume change
[13:37:27.362] Worker: vol changed to 73% (spotify.exe)
[13:37:27.378] KEY vk=0xAE (174), modKey=0, capturing=0
[13:37:27.378] -> VOL key, modKey=0, modPressed=1
[13:37:27.378] -> queuing volume change
[13:37:27.379] Worker: volume change
[13:37:27.384] Worker: vol changed to 72% (spotify.exe)
[13:37:27.400] KEY vk=0xAE (174), modKey=0, capturing=0
[13:37:27.400] -> VOL key, modKey=0, modPressed=1
[13:37:27.400] -> queuing volume change
[13:37:27.400] Worker: volume change
[13:37:27.406] Worker: vol changed to 71% (spotify.exe)
[13:37:27.641] KEY vk=0xAF (175), modKey=0, capturing=0
[13:37:27.641] -> VOL key, modKey=0, modPressed=1
[13:37:27.641] -> queuing volume change
[13:37:27.642] Worker: volume change
[13:37:27.648] Worker: vol changed to 72% (spotify.exe)
[13:37:27.669] KEY vk=0xAF (175), modKey=0, capturing=0
[13:37:27.669] -> VOL key, modKey=0, modPressed=1
[13:37:27.670] -> queuing volume change
[13:37:27.670] Worker: volume change
[13:37:27.676] Worker: vol changed to 73% (spotify.exe)
[13:37:27.686] KEY vk=0xAF (175), modKey=0, capturing=0
[13:37:27.686] -> VOL key, modKey=0, modPressed=1
[13:37:27.686] -> queuing volume change
[13:37:27.686] Worker: volume change
[13:37:27.692] Worker: vol changed to 74% (spotify.exe)
[13:37:27.713] KEY vk=0xAF (175), modKey=0, capturing=0
[13:37:27.713] -> VOL key, modKey=0, modPressed=1
[13:37:27.713] -> queuing volume change
[13:37:27.713] Worker: volume change
[13:37:27.719] Worker: vol changed to 75% (spotify.exe)
[13:37:27.732] KEY vk=0xAF (175), modKey=0, capturing=0
[13:37:27.732] -> VOL key, modKey=0, modPressed=1
[13:37:27.732] -> queuing volume change
[13:37:27.732] Worker: volume change
[13:37:27.737] Worker: vol changed to 76% (spotify.exe)
[13:37:27.755] KEY vk=0xAF (175), modKey=0, capturing=0
[13:37:27.755] -> VOL key, modKey=0, modPressed=1
[13:37:27.755] -> queuing volume change
[13:37:27.755] Worker: volume change
[13:37:27.760] Worker: vol changed to 77% (spotify.exe)
[13:37:27.771] KEY vk=0xAF (175), modKey=0, capturing=0
[13:37:27.771] -> VOL key, modKey=0, modPressed=1
[13:37:27.771] -> queuing volume change
[13:37:27.771] Worker: volume change
[13:37:27.776] Worker: vol changed to 78% (spotify.exe)
[13:37:27.787] KEY vk=0xAF (175), modKey=0, capturing=0
[13:37:27.787] -> VOL key, modKey=0, modPressed=1
[13:37:27.787] -> queuing volume change
[13:37:27.787] Worker: volume change
[13:37:27.793] Worker: vol changed to 79% (spotify.exe)
[13:37:27.802] KEY vk=0xAF (175), modKey=0, capturing=0
[13:37:27.802] -> VOL key, modKey=0, modPressed=1
[13:37:27.802] -> queuing volume change
[13:37:27.802] Worker: volume change
[13:37:27.808] Worker: vol changed to 80% (spotify.exe)
[13:37:27.816] KEY vk=0xAF (175), modKey=0, capturing=0
[13:37:27.816] -> VOL key, modKey=0, modPressed=1
[13:37:27.816] -> queuing volume change
[13:37:27.816] Worker: volume change
[13:37:27.822] Worker: vol changed to 81% (spotify.exe)
[13:37:27.826] KEY vk=0xAF (175), modKey=0, capturing=0
[13:37:27.826] -> VOL key, modKey=0, modPressed=1
[13:37:27.826] -> queuing volume change
[13:37:27.826] Worker: volume change
[13:37:27.831] Worker: vol changed to 82% (spotify.exe)
[13:37:27.839] KEY vk=0xAF (175), modKey=0, capturing=0
[13:37:27.839] -> VOL key, modKey=0, modPressed=1
[13:37:27.839] -> queuing volume change
[13:37:27.839] Worker: volume change
[13:37:27.845] Worker: vol changed to 83% (spotify.exe)
[13:37:27.849] KEY vk=0xAF (175), modKey=0, capturing=0
[13:37:27.849] -> VOL key, modKey=0, modPressed=1
[13:37:27.849] -> queuing volume change
[13:37:27.849] Worker: volume change
[13:37:27.854] Worker: vol changed to 84% (spotify.exe)
[13:37:27.867] KEY vk=0xAF (175), modKey=0, capturing=0
[13:37:27.867] -> VOL key, modKey=0, modPressed=1
[13:37:27.867] -> queuing volume change
[13:37:27.867] Worker: volume change
[13:37:27.873] Worker: vol changed to 85% (spotify.exe)
[13:37:27.880] KEY vk=0xAF (175), modKey=0, capturing=0
[13:37:27.881] -> VOL key, modKey=0, modPressed=1
[13:37:27.881] -> queuing volume change
[13:37:27.881] Worker: volume change
[13:37:27.887] Worker: vol changed to 86% (spotify.exe)
[13:37:27.902] KEY vk=0xAF (175), modKey=0, capturing=0
[13:37:27.902] -> VOL key, modKey=0, modPressed=1
[13:37:27.902] -> queuing volume change
[13:37:27.902] Worker: volume change
[13:37:27.908] Worker: vol changed to 87% (spotify.exe)
[13:37:28.222] KEY vk=0xAF (175), modKey=0, capturing=0
[13:37:28.222] -> VOL key, modKey=0, modPressed=1
[13:37:28.222] -> queuing volume change
[13:37:28.222] Worker: volume change
[13:37:28.228] Worker: vol changed to 88% (spotify.exe)
[13:37:28.249] KEY vk=0xAF (175), modKey=0, capturing=0
[13:37:28.249] -> VOL key, modKey=0, modPressed=1
[13:37:28.249] -> queuing volume change
[13:37:28.249] Worker: volume change
[13:37:28.256] Worker: vol changed to 89% (spotify.exe)
[13:37:28.266] KEY vk=0xAF (175), modKey=0, capturing=0
[13:37:28.266] -> VOL key, modKey=0, modPressed=1
[13:37:28.266] -> queuing volume change
[13:37:28.266] Worker: volume change
[13:37:28.272] Worker: vol changed to 90% (spotify.exe)
[13:37:28.286] KEY vk=0xAF (175), modKey=0, capturing=0
[13:37:28.286] -> VOL key, modKey=0, modPressed=1
[13:37:28.286] -> queuing volume change
[13:37:28.286] Worker: volume change
[13:37:28.291] Worker: vol changed to 91% (spotify.exe)
[13:37:28.296] KEY vk=0xAF (175), modKey=0, capturing=0
[13:37:28.296] -> VOL key, modKey=0, modPressed=1
[13:37:28.296] -> queuing volume change
[13:37:28.296] Worker: volume change
[13:37:28.302] Worker: vol changed to 92% (spotify.exe)
[13:37:28.307] KEY vk=0xAF (175), modKey=0, capturing=0
[13:37:28.307] -> VOL key, modKey=0, modPressed=1
[13:37:28.307] -> queuing volume change
[13:37:28.308] Worker: volume change
[13:37:28.313] Worker: vol changed to 93% (spotify.exe)
[13:37:28.319] KEY vk=0xAF (175), modKey=0, capturing=0
[13:37:28.319] -> VOL key, modKey=0, modPressed=1
[13:37:28.319] -> queuing volume change
[13:37:28.319] Worker: volume change
[13:37:28.325] Worker: vol changed to 94% (spotify.exe)
[13:37:28.337] KEY vk=0xAF (175), modKey=0, capturing=0
[13:37:28.337] -> VOL key, modKey=0, modPressed=1
[13:37:28.337] -> queuing volume change
[13:37:28.338] Worker: volume change
[13:37:28.343] Worker: vol changed to 95% (spotify.exe)
[13:37:28.583] ReinstallHook: OK
[13:37:28.593] KEY vk=0xAF (175), modKey=0, capturing=0
[13:37:28.593] -> VOL key, modKey=0, modPressed=1
[13:37:28.593] -> queuing volume change
[13:37:28.593] Worker: volume change
[13:37:28.599] Worker: vol changed to 96% (spotify.exe)
[13:37:28.607] KEY vk=0xAF (175), modKey=0, capturing=0
[13:37:28.607] -> VOL key, modKey=0, modPressed=1
[13:37:28.607] -> queuing volume change
[13:37:28.607] Worker: volume change
[13:37:28.613] Worker: vol changed to 97% (spotify.exe)
[13:37:28.615] KEY vk=0xAF (175), modKey=0, capturing=0
[13:37:28.615] -> VOL key, modKey=0, modPressed=1
[13:37:28.615] -> queuing volume change
[13:37:28.615] Worker: volume change
[13:37:28.621] Worker: vol changed to 98% (spotify.exe)
[13:37:28.628] KEY vk=0xAF (175), modKey=0, capturing=0
[13:37:28.628] -> VOL key, modKey=0, modPressed=1
[13:37:28.629] -> queuing volume change
[13:37:28.629] Worker: volume change
[13:37:28.635] Worker: vol changed to 99% (spotify.exe)
[13:37:28.638] KEY vk=0xAF (175), modKey=0, capturing=0
[13:37:28.638] -> VOL key, modKey=0, modPressed=1
[13:37:28.638] -> queuing volume change
[13:37:28.638] Worker: volume change
[13:37:28.644] Worker: vol changed to 100% (spotify.exe)
[13:37:28.647] KEY vk=0xAF (175), modKey=0, capturing=0
[13:37:28.647] -> VOL key, modKey=0, modPressed=1
[13:37:28.647] -> queuing volume change
[13:37:28.648] Worker: volume change
[13:37:28.653] Worker: vol changed to 100% (spotify.exe)
[13:37:28.654] KEY vk=0xAF (175), modKey=0, capturing=0
[13:37:28.654] -> VOL key, modKey=0, modPressed=1
[13:37:28.654] -> queuing volume change
[13:37:28.654] Worker: volume change
[13:37:28.660] Worker: vol changed to 100% (spotify.exe)
[13:37:28.664] KEY vk=0xAF (175), modKey=0, capturing=0
[13:37:28.664] -> VOL key, modKey=0, modPressed=1
[13:37:28.664] -> queuing volume change
[13:37:28.665] Worker: volume change
[13:37:28.670] Worker: vol changed to 100% (spotify.exe)
[13:37:28.674] KEY vk=0xAF (175), modKey=0, capturing=0
[13:37:28.674] -> VOL key, modKey=0, modPressed=1
[13:37:28.674] -> queuing volume change
[13:37:28.674] Worker: volume change
[13:37:28.679] Worker: vol changed to 100% (spotify.exe)
[13:37:28.691] KEY vk=0xAF (175), modKey=0, capturing=0
[13:37:28.691] -> VOL key, modKey=0, modPressed=1
[13:37:28.691] -> queuing volume change
[13:37:28.691] Worker: volume change
[13:37:28.697] Worker: vol changed to 100% (spotify.exe)
[13:37:28.945] KEY vk=0xAF (175), modKey=0, capturing=0
[13:37:28.945] -> VOL key, modKey=0, modPressed=1
[13:37:28.945] -> queuing volume change
[13:37:28.946] Worker: volume change
[13:37:28.952] Worker: vol changed to 100% (spotify.exe)
[13:37:28.962] KEY vk=0xAF (175), modKey=0, capturing=0
[13:37:28.962] -> VOL key, modKey=0, modPressed=1
[13:37:28.962] -> queuing volume change
[13:37:28.963] Worker: volume change
[13:37:28.968] Worker: vol changed to 100% (spotify.exe)
[13:37:28.973] KEY vk=0xAF (175), modKey=0, capturing=0
[13:37:28.973] -> VOL key, modKey=0, modPressed=1
[13:37:28.973] -> queuing volume change
[13:37:28.974] Worker: volume change
[13:37:28.979] Worker: vol changed to 100% (spotify.exe)
[13:37:28.988] KEY vk=0xAF (175), modKey=0, capturing=0
[13:37:28.988] -> VOL key, modKey=0, modPressed=1
[13:37:28.988] -> queuing volume change
[13:37:28.988] Worker: volume change
[13:37:28.994] Worker: vol changed to 100% (spotify.exe)
[13:37:28.998] KEY vk=0xAF (175), modKey=0, capturing=0
[13:37:28.998] -> VOL key, modKey=0, modPressed=1
[13:37:28.998] -> queuing volume change
[13:37:28.998] Worker: volume change
[13:37:29.004] Worker: vol changed to 100% (spotify.exe)
[13:37:29.007] KEY vk=0xAF (175), modKey=0, capturing=0
[13:37:29.007] -> VOL key, modKey=0, modPressed=1
[13:37:29.007] -> queuing volume change
[13:37:29.007] Worker: volume change
[13:37:29.012] Worker: vol changed to 100% (spotify.exe)
[13:37:29.018] KEY vk=0xAF (175), modKey=0, capturing=0
[13:37:29.018] -> VOL key, modKey=0, modPressed=1
[13:37:29.018] -> queuing volume change
[13:37:29.018] Worker: volume change
[13:37:29.023] Worker: vol changed to 100% (spotify.exe)
[13:37:29.031] KEY vk=0xAF (175), modKey=0, capturing=0
[13:37:29.031] -> VOL key, modKey=0, modPressed=1
[13:37:29.031] -> queuing volume change
[13:37:29.031] Worker: volume change
[13:37:29.037] Worker: vol changed to 100% (spotify.exe)
[13:37:29.051] KEY vk=0xAF (175), modKey=0, capturing=0
[13:37:29.051] -> VOL key, modKey=0, modPressed=1
[13:37:29.051] -> queuing volume change
[13:37:29.051] Worker: volume change
[13:37:29.058] Worker: vol changed to 100% (spotify.exe)
[13:37:29.595] KEY vk=0xAE (174), modKey=0, capturing=0
[13:37:29.595] -> VOL key, modKey=0, modPressed=1
[13:37:29.596] -> queuing volume change
[13:37:29.596] Worker: volume change
[13:37:29.603] Worker: vol changed to 99% (spotify.exe)
[13:37:29.626] KEY vk=0xAE (174), modKey=0, capturing=0
[13:37:29.627] -> VOL key, modKey=0, modPressed=1
[13:37:29.627] -> queuing volume change
[13:37:29.627] Worker: volume change
[13:37:29.640] Worker: vol changed to 98% (spotify.exe)
[13:37:29.667] KEY vk=0xAE (174), modKey=0, capturing=0
[13:37:29.668] -> VOL key, modKey=0, modPressed=1
[13:37:29.668] -> queuing volume change
[13:37:29.668] Worker: volume change
[13:37:29.675] Worker: vol changed to 97% (spotify.exe)
[13:37:29.704] KEY vk=0xAE (174), modKey=0, capturing=0
[13:37:29.704] -> VOL key, modKey=0, modPressed=1
[13:37:29.704] -> queuing volume change
[13:37:29.704] Worker: volume change
[13:37:29.710] Worker: vol changed to 96% (spotify.exe)
[13:37:29.746] KEY vk=0xAE (174), modKey=0, capturing=0
[13:37:29.746] -> VOL key, modKey=0, modPressed=1
[13:37:29.746] -> queuing volume change
[13:37:29.747] Worker: volume change
[13:37:29.753] Worker: vol changed to 95% (spotify.exe)
[13:37:29.778] KEY vk=0xAE (174), modKey=0, capturing=0
[13:37:29.778] -> VOL key, modKey=0, modPressed=1
[13:37:29.778] -> queuing volume change
[13:37:29.778] Worker: volume change
[13:37:29.785] Worker: vol changed to 94% (spotify.exe)
[13:37:29.813] KEY vk=0xAE (174), modKey=0, capturing=0
[13:37:29.813] -> VOL key, modKey=0, modPressed=1
[13:37:29.813] -> queuing volume change
[13:37:29.813] Worker: volume change
[13:37:29.819] Worker: vol changed to 93% (spotify.exe)
[13:37:29.835] KEY vk=0xAE (174), modKey=0, capturing=0
[13:37:29.835] -> VOL key, modKey=0, modPressed=1
[13:37:29.835] -> queuing volume change
[13:37:29.836] Worker: volume change
[13:37:29.842] Worker: vol changed to 92% (spotify.exe)
[13:37:29.865] KEY vk=0xAE (174), modKey=0, capturing=0
[13:37:29.865] -> VOL key, modKey=0, modPressed=1
[13:37:29.865] -> queuing volume change
[13:37:29.865] Worker: volume change
[13:37:29.872] Worker: vol changed to 91% (spotify.exe)
[13:37:29.884] KEY vk=0xAE (174), modKey=0, capturing=0
[13:37:29.884] -> VOL key, modKey=0, modPressed=1
[13:37:29.884] -> queuing volume change
[13:37:29.884] Worker: volume change
[13:37:29.890] Worker: vol changed to 90% (spotify.exe)
[13:37:29.907] KEY vk=0xAE (174), modKey=0, capturing=0
[13:37:29.907] -> VOL key, modKey=0, modPressed=1
[13:37:29.907] -> queuing volume change
[13:37:29.907] Worker: volume change
[13:37:29.914] Worker: vol changed to 89% (spotify.exe)
[13:37:29.925] KEY vk=0xAE (174), modKey=0, capturing=0
[13:37:29.925] -> VOL key, modKey=0, modPressed=1
[13:37:29.925] -> queuing volume change
[13:37:29.925] Worker: volume change
[13:37:29.931] Worker: vol changed to 88% (spotify.exe)
[13:37:29.941] KEY vk=0xAE (174), modKey=0, capturing=0
[13:37:29.941] -> VOL key, modKey=0, modPressed=1
[13:37:29.941] -> queuing volume change
[13:37:29.941] Worker: volume change
[13:37:29.947] Worker: vol changed to 87% (spotify.exe)
[13:37:29.954] KEY vk=0xAE (174), modKey=0, capturing=0
[13:37:29.954] -> VOL key, modKey=0, modPressed=1
[13:37:29.954] -> queuing volume change
[13:37:29.954] Worker: volume change
[13:37:29.960] Worker: vol changed to 86% (spotify.exe)
[13:37:29.967] KEY vk=0xAE (174), modKey=0, capturing=0
[13:37:29.967] -> VOL key, modKey=0, modPressed=1
[13:37:29.967] -> queuing volume change
[13:37:29.967] Worker: volume change
[13:37:29.973] Worker: vol changed to 85% (spotify.exe)
[13:37:29.974] KEY vk=0xAE (174), modKey=0, capturing=0
[13:37:29.974] -> VOL key, modKey=0, modPressed=1
[13:37:29.974] -> queuing volume change
[13:37:29.974] Worker: volume change
[13:37:29.979] Worker: vol changed to 84% (spotify.exe)
[13:37:29.984] KEY vk=0xAE (174), modKey=0, capturing=0
[13:37:29.984] -> VOL key, modKey=0, modPressed=1
[13:37:29.984] -> queuing volume change
[13:37:29.984] Worker: volume change
[13:37:29.989] Worker: vol changed to 83% (spotify.exe)
[13:37:29.990] KEY vk=0xAE (174), modKey=0, capturing=0
[13:37:29.990] -> VOL key, modKey=0, modPressed=1
[13:37:29.990] -> queuing volume change
[13:37:29.990] Worker: volume change
[13:37:29.996] Worker: vol changed to 82% (spotify.exe)
[13:37:30.001] KEY vk=0xAE (174), modKey=0, capturing=0
[13:37:30.001] -> VOL key, modKey=0, modPressed=1
[13:37:30.001] -> queuing volume change
[13:37:30.002] Worker: volume change
[13:37:30.007] Worker: vol changed to 81% (spotify.exe)
[13:37:30.406] KEY vk=0xAE (174), modKey=0, capturing=0
[13:37:30.406] -> VOL key, modKey=0, modPressed=1
[13:37:30.406] -> queuing volume change
[13:37:30.406] Worker: volume change
[13:37:30.413] Worker: vol changed to 80% (spotify.exe)
[13:37:30.432] KEY vk=0xAE (174), modKey=0, capturing=0
[13:37:30.432] -> VOL key, modKey=0, modPressed=1
[13:37:30.432] -> queuing volume change
[13:37:30.432] Worker: volume change
[13:37:30.438] Worker: vol changed to 79% (spotify.exe)
[13:37:30.449] KEY vk=0xAE (174), modKey=0, capturing=0
[13:37:30.449] -> VOL key, modKey=0, modPressed=1
[13:37:30.449] -> queuing volume change
[13:37:30.449] Worker: volume change
[13:37:30.455] Worker: vol changed to 78% (spotify.exe)
[13:37:30.468] KEY vk=0xAE (174), modKey=0, capturing=0
[13:37:30.468] -> VOL key, modKey=0, modPressed=1
[13:37:30.469] -> queuing volume change
[13:37:30.469] Worker: volume change
[13:37:30.474] Worker: vol changed to 77% (spotify.exe)
[13:37:30.482] KEY vk=0xAE (174), modKey=0, capturing=0
[13:37:30.482] -> VOL key, modKey=0, modPressed=1
[13:37:30.482] -> queuing volume change
[13:37:30.482] Worker: volume change
[13:37:30.488] Worker: vol changed to 76% (spotify.exe)
[13:37:30.501] KEY vk=0xAE (174), modKey=0, capturing=0
[13:37:30.501] -> VOL key, modKey=0, modPressed=1
[13:37:30.501] -> queuing volume change
[13:37:30.501] Worker: volume change
[13:37:30.506] Worker: vol changed to 75% (spotify.exe)
[13:37:30.513] KEY vk=0xAE (174), modKey=0, capturing=0
[13:37:30.513] -> VOL key, modKey=0, modPressed=1
[13:37:30.513] -> queuing volume change
[13:37:30.513] Worker: volume change
[13:37:30.518] Worker: vol changed to 74% (spotify.exe)
[13:37:30.528] KEY vk=0xAE (174), modKey=0, capturing=0
[13:37:30.528] -> VOL key, modKey=0, modPressed=1
[13:37:30.528] -> queuing volume change
[13:37:30.528] Worker: volume change
[13:37:30.534] Worker: vol changed to 73% (spotify.exe)
[13:37:30.539] KEY vk=0xAE (174), modKey=0, capturing=0
[13:37:30.539] -> VOL key, modKey=0, modPressed=1
[13:37:30.539] -> queuing volume change
[13:37:30.539] Worker: volume change
[13:37:30.545] Worker: vol changed to 72% (spotify.exe)
[13:37:30.550] KEY vk=0xAE (174), modKey=0, capturing=0
[13:37:30.550] -> VOL key, modKey=0, modPressed=1
[13:37:30.550] -> queuing volume change
[13:37:30.550] Worker: volume change
[13:37:30.556] Worker: vol changed to 71% (spotify.exe)
[13:37:30.558] KEY vk=0xAE (174), modKey=0, capturing=0
[13:37:30.558] -> VOL key, modKey=0, modPressed=1
[13:37:30.558] -> queuing volume change
[13:37:30.558] Worker: volume change
[13:37:30.564] Worker: vol changed to 70% (spotify.exe)
[13:37:30.568] KEY vk=0xAE (174), modKey=0, capturing=0
[13:37:30.568] -> VOL key, modKey=0, modPressed=1
[13:37:30.568] -> queuing volume change
[13:37:30.568] Worker: volume change
[13:37:30.574] Worker: vol changed to 69% (spotify.exe)
[13:37:30.576] KEY vk=0xAE (174), modKey=0, capturing=0
[13:37:30.577] -> VOL key, modKey=0, modPressed=1
[13:37:30.577] -> queuing volume change
[13:37:30.577] Worker: volume change
[13:37:30.583] Worker: vol changed to 68% (spotify.exe)
[13:37:30.917] KEY vk=0xAE (174), modKey=0, capturing=0
[13:37:30.917] -> VOL key, modKey=0, modPressed=1
[13:37:30.917] -> queuing volume change
[13:37:30.917] Worker: volume change
[13:37:30.925] Worker: vol changed to 67% (spotify.exe)
[13:37:30.934] KEY vk=0xAE (174), modKey=0, capturing=0
[13:37:30.934] -> VOL key, modKey=0, modPressed=1
[13:37:30.935] -> queuing volume change
[13:37:30.935] Worker: volume change
[13:37:30.941] Worker: vol changed to 66% (spotify.exe)
[13:37:30.952] KEY vk=0xAE (174), modKey=0, capturing=0
[13:37:30.952] -> VOL key, modKey=0, modPressed=1
[13:37:30.952] -> queuing volume change
[13:37:30.952] Worker: volume change
[13:37:30.958] Worker: vol changed to 65% (spotify.exe)
[13:37:30.967] KEY vk=0xAE (174), modKey=0, capturing=0
[13:37:30.967] -> VOL key, modKey=0, modPressed=1
[13:37:30.967] -> queuing volume change
[13:37:30.967] Worker: volume change
[13:37:30.973] Worker: vol changed to 64% (spotify.exe)
[13:37:30.983] KEY vk=0xAE (174), modKey=0, capturing=0
[13:37:30.983] -> VOL key, modKey=0, modPressed=1
[13:37:30.984] -> queuing volume change
[13:37:30.984] Worker: volume change
[13:37:30.990] Worker: vol changed to 63% (spotify.exe)
[13:37:30.999] KEY vk=0xAE (174), modKey=0, capturing=0
[13:37:30.999] -> VOL key, modKey=0, modPressed=1
[13:37:30.999] -> queuing volume change
[13:37:30.999] Worker: volume change
[13:37:31.004] Worker: vol changed to 62% (spotify.exe)
[13:37:31.013] KEY vk=0xAE (174), modKey=0, capturing=0
[13:37:31.013] -> VOL key, modKey=0, modPressed=1
[13:37:31.013] -> queuing volume change
[13:37:31.014] Worker: volume change
[13:37:31.019] Worker: vol changed to 61% (spotify.exe)
[13:37:31.025] KEY vk=0xAE (174), modKey=0, capturing=0
[13:37:31.025] -> VOL key, modKey=0, modPressed=1
[13:37:31.025] -> queuing volume change
[13:37:31.025] Worker: volume change
[13:37:31.031] Worker: vol changed to 60% (spotify.exe)
[13:37:31.041] KEY vk=0xAE (174), modKey=0, capturing=0
[13:37:31.041] -> VOL key, modKey=0, modPressed=1
[13:37:31.041] -> queuing volume change
[13:37:31.041] Worker: volume change
[13:37:31.046] Worker: vol changed to 59% (spotify.exe)
[13:37:31.051] KEY vk=0xAE (174), modKey=0, capturing=0
[13:37:31.051] -> VOL key, modKey=0, modPressed=1
[13:37:31.051] -> queuing volume change
[13:37:31.051] Worker: volume change
[13:37:31.057] Worker: vol changed to 58% (spotify.exe)
[13:37:31.065] KEY vk=0xAE (174), modKey=0, capturing=0
[13:37:31.065] -> VOL key, modKey=0, modPressed=1
[13:37:31.065] -> queuing volume change
[13:37:31.065] Worker: volume change
[13:37:31.071] Worker: vol changed to 57% (spotify.exe)
[13:37:31.081] KEY vk=0xAE (174), modKey=0, capturing=0
[13:37:31.081] -> VOL key, modKey=0, modPressed=1
[13:37:31.081] -> queuing volume change
[13:37:31.081] Worker: volume change
[13:37:31.087] Worker: vol changed to 56% (spotify.exe)
[13:37:31.098] KEY vk=0xAE (174), modKey=0, capturing=0
[13:37:31.098] -> VOL key, modKey=0, modPressed=1
[13:37:31.098] -> queuing volume change
[13:37:31.098] Worker: volume change
[13:37:31.104] Worker: vol changed to 55% (spotify.exe)
[13:37:31.506] KEY vk=0xAE (174), modKey=0, capturing=0
[13:37:31.506] -> VOL key, modKey=0, modPressed=1
[13:37:31.506] -> queuing volume change
[13:37:31.507] Worker: volume change
[13:37:31.513] Worker: vol changed to 54% (spotify.exe)
[13:37:31.528] KEY vk=0xAE (174), modKey=0, capturing=0
[13:37:31.528] -> VOL key, modKey=0, modPressed=1
[13:37:31.528] -> queuing volume change
[13:37:31.528] Worker: volume change
[13:37:31.534] Worker: vol changed to 53% (spotify.exe)
[13:37:31.547] KEY vk=0xAE (174), modKey=0, capturing=0
[13:37:31.547] -> VOL key, modKey=0, modPressed=1
[13:37:31.547] -> queuing volume change
[13:37:31.547] Worker: volume change
[13:37:31.553] Worker: vol changed to 52% (spotify.exe)
[13:37:31.572] KEY vk=0xAE (174), modKey=0, capturing=0
[13:37:31.572] -> VOL key, modKey=0, modPressed=1
[13:37:31.572] -> queuing volume change
[13:37:31.572] Worker: volume change
[13:37:31.578] Worker: vol changed to 51% (spotify.exe)
[13:37:31.591] KEY vk=0xAE (174), modKey=0, capturing=0
[13:37:31.591] -> VOL key, modKey=0, modPressed=1
[13:37:31.591] -> queuing volume change
[13:37:31.591] Worker: volume change
[13:37:31.597] Worker: vol changed to 50% (spotify.exe)
[13:37:31.612] KEY vk=0xAE (174), modKey=0, capturing=0
[13:37:31.612] -> VOL key, modKey=0, modPressed=1
[13:37:31.612] -> queuing volume change
[13:37:31.612] Worker: volume change
[13:37:31.618] Worker: vol changed to 49% (spotify.exe)
[13:37:31.631] KEY vk=0xAE (174), modKey=0, capturing=0
[13:37:31.631] -> VOL key, modKey=0, modPressed=1
[13:37:31.631] -> queuing volume change
[13:37:31.631] Worker: volume change
[13:37:31.636] Worker: vol changed to 48% (spotify.exe)
[13:37:31.653] KEY vk=0xAE (174), modKey=0, capturing=0
[13:37:31.653] -> VOL key, modKey=0, modPressed=1
[13:37:31.653] -> queuing volume change
[13:37:31.654] Worker: volume change
[13:37:31.660] Worker: vol changed to 47% (spotify.exe)
[13:37:31.673] KEY vk=0xAE (174), modKey=0, capturing=0
[13:37:31.673] -> VOL key, modKey=0, modPressed=1
[13:37:31.673] -> queuing volume change
[13:37:31.673] Worker: volume change
[13:37:31.678] Worker: vol changed to 46% (spotify.exe)
[13:37:31.717] KEY vk=0xAE (174), modKey=0, capturing=0
[13:37:31.717] -> VOL key, modKey=0, modPressed=1
[13:37:31.717] -> queuing volume change
[13:37:31.718] Worker: volume change
[13:37:31.724] Worker: vol changed to 45% (spotify.exe)
[13:37:32.873] KEY vk=0xA0 (160), modKey=0, capturing=0
[13:37:33.253] KEY vk=0xAF (175), modKey=0, capturing=0
[13:37:33.254] -> VOL key, modKey=0, modPressed=1
[13:37:33.254] -> queuing volume change
[13:37:33.254] Worker: volume change
[13:37:33.261] Worker: vol changed to 55% (spotify.exe)
[13:37:33.574] ReinstallHook: OK
[13:37:33.861] KEY vk=0xAF (175), modKey=0, capturing=0
[13:37:33.861] -> VOL key, modKey=0, modPressed=1
[13:37:33.861] -> queuing volume change
[13:37:33.862] Worker: volume change
[13:37:33.868] Worker: vol changed to 65% (spotify.exe)
[13:37:33.992] KEY vk=0xAF (175), modKey=0, capturing=0
[13:37:33.992] -> VOL key, modKey=0, modPressed=1
[13:37:33.992] -> queuing volume change
[13:37:33.993] Worker: volume change
[13:37:33.998] Worker: vol changed to 75% (spotify.exe)
[13:37:34.112] KEY vk=0xAF (175), modKey=0, capturing=0
[13:37:34.112] -> VOL key, modKey=0, modPressed=1
[13:37:34.112] -> queuing volume change
[13:37:34.112] Worker: volume change
[13:37:34.118] Worker: vol changed to 85% (spotify.exe)
[13:37:34.196] KEY vk=0xAF (175), modKey=0, capturing=0
[13:37:34.196] -> VOL key, modKey=0, modPressed=1
[13:37:34.196] -> queuing volume change
[13:37:34.197] Worker: volume change
[13:37:34.203] Worker: vol changed to 95% (spotify.exe)
[13:37:34.292] KEY vk=0xAF (175), modKey=0, capturing=0
[13:37:34.292] -> VOL key, modKey=0, modPressed=1
[13:37:34.292] -> queuing volume change
[13:37:34.293] Worker: volume change
[13:37:34.299] Worker: vol changed to 100% (spotify.exe)
[13:37:34.679] KEY vk=0xAE (174), modKey=0, capturing=0
[13:37:34.679] -> VOL key, modKey=0, modPressed=1
[13:37:34.679] -> queuing volume change
[13:37:34.680] Worker: volume change
[13:37:34.688] Worker: vol changed to 90% (spotify.exe)
[13:37:34.733] KEY vk=0xAE (174), modKey=0, capturing=0
[13:37:34.733] -> VOL key, modKey=0, modPressed=1
[13:37:34.734] -> queuing volume change
[13:37:34.734] Worker: volume change
[13:37:34.740] Worker: vol changed to 80% (spotify.exe)
[13:37:34.785] KEY vk=0xAE (174), modKey=0, capturing=0
[13:37:34.785] -> VOL key, modKey=0, modPressed=1
[13:37:34.785] -> queuing volume change
[13:37:34.785] Worker: volume change
[13:37:34.791] Worker: vol changed to 70% (spotify.exe)
[13:37:34.841] KEY vk=0xAE (174), modKey=0, capturing=0
[13:37:34.841] -> VOL key, modKey=0, modPressed=1
[13:37:34.841] -> queuing volume change
[13:37:34.842] Worker: volume change
[13:37:34.848] Worker: vol changed to 60% (spotify.exe)
[13:37:34.892] KEY vk=0xAE (174), modKey=0, capturing=0
[13:37:34.892] -> VOL key, modKey=0, modPressed=1
[13:37:34.892] -> queuing volume change
[13:37:34.893] Worker: volume change
[13:37:34.899] Worker: vol changed to 50% (spotify.exe)
[13:37:34.958] KEY vk=0xAE (174), modKey=0, capturing=0
[13:37:34.958] -> VOL key, modKey=0, modPressed=1
[13:37:34.958] -> queuing volume change
[13:37:34.958] Worker: volume change
[13:37:34.964] Worker: vol changed to 40% (spotify.exe)
[13:37:35.002] KEY vk=0xAE (174), modKey=0, capturing=0
[13:37:35.002] -> VOL key, modKey=0, modPressed=1
[13:37:35.002] -> queuing volume change
[13:37:35.002] Worker: volume change
[13:37:35.009] Worker: vol changed to 30% (spotify.exe)
[13:37:35.064] KEY vk=0xAE (174), modKey=0, capturing=0
[13:37:35.064] -> VOL key, modKey=0, modPressed=1
[13:37:35.064] -> queuing volume change
[13:37:35.065] Worker: volume change
[13:37:35.070] Worker: vol changed to 20% (spotify.exe)
[13:37:35.115] KEY vk=0xAE (174), modKey=0, capturing=0
[13:37:35.115] -> VOL key, modKey=0, modPressed=1
[13:37:35.115] -> queuing volume change
[13:37:35.115] Worker: volume change
[13:37:35.122] Worker: vol changed to 10% (spotify.exe)
[13:37:35.868] KEY vk=0xAF (175), modKey=0, capturing=0
[13:37:35.868] -> VOL key, modKey=0, modPressed=1
[13:37:35.868] -> queuing volume change
[13:37:35.868] Worker: volume change
[13:37:35.874] Worker: vol changed to 20% (spotify.exe)
[13:37:35.923] KEY vk=0xAF (175), modKey=0, capturing=0
[13:37:35.923] -> VOL key, modKey=0, modPressed=1
[13:37:35.923] -> queuing volume change
[13:37:35.923] Worker: volume change
[13:37:35.929] Worker: vol changed to 30% (spotify.exe)
[13:37:36.057] KEY vk=0xAF (175), modKey=0, capturing=0
[13:37:36.058] -> VOL key, modKey=0, modPressed=1
[13:37:36.058] -> queuing volume change
[13:37:36.058] Worker: volume change
[13:37:36.063] Worker: vol changed to 40% (spotify.exe)
[13:37:36.143] KEY vk=0xAF (175), modKey=0, capturing=0
[13:37:36.143] -> VOL key, modKey=0, modPressed=1
[13:37:36.143] -> queuing volume change
[13:37:36.143] Worker: volume change
[13:37:36.150] Worker: vol changed to 50% (spotify.exe)
[13:37:36.202] KEY vk=0xAF (175), modKey=0, capturing=0
[13:37:36.202] -> VOL key, modKey=0, modPressed=1
[13:37:36.202] -> queuing volume change
[13:37:36.203] Worker: volume change
[13:37:36.209] Worker: vol changed to 60% (spotify.exe)
[13:37:36.250] KEY vk=0xAF (175), modKey=0, capturing=0
[13:37:36.251] -> VOL key, modKey=0, modPressed=1
[13:37:36.251] -> queuing volume change
[13:37:36.251] Worker: volume change
[13:37:36.256] Worker: vol changed to 70% (spotify.exe)
[13:37:36.299] KEY vk=0xAF (175), modKey=0, capturing=0
[13:37:36.299] -> VOL key, modKey=0, modPressed=1
[13:37:36.299] -> queuing volume change
[13:37:36.299] Worker: volume change
[13:37:36.305] Worker: vol changed to 80% (spotify.exe)
[13:37:36.354] KEY vk=0xAF (175), modKey=0, capturing=0
[13:37:36.354] -> VOL key, modKey=0, modPressed=1
[13:37:36.354] -> queuing volume change
[13:37:36.354] Worker: volume change
[13:37:36.361] Worker: vol changed to 90% (spotify.exe)
[13:37:36.416] KEY vk=0xAF (175), modKey=0, capturing=0
[13:37:36.416] -> VOL key, modKey=0, modPressed=1
[13:37:36.416] -> queuing volume change
[13:37:36.416] Worker: volume change
[13:37:36.423] Worker: vol changed to 100% (spotify.exe)
[13:37:38.572] ReinstallHook: OK
[13:37:43.572] ReinstallHook: OK
[13:37:48.581] ReinstallHook: OK
[13:37:53.586] ReinstallHook: OK
[13:37:56.244] KEY vk=0x47 (71), modKey=0, capturing=0
[13:37:56.350] KEY vk=0x4F (79), modKey=0, capturing=0
[13:37:56.512] KEY vk=0x44 (68), modKey=0, capturing=0
[13:37:56.604] KEY vk=0x53 (83), modKey=0, capturing=0
[13:37:58.578] ReinstallHook: OK
[13:38:03.573] ReinstallHook: OK
[13:38:08.583] ReinstallHook: OK
[13:38:13.585] ReinstallHook: OK
[13:38:18.580] ReinstallHook: OK
[13:38:23.572] ReinstallHook: OK
[13:38:27.087] KEY vk=0x54 (84), modKey=0, capturing=0
[13:38:27.132] KEY vk=0x48 (72), modKey=0, capturing=0
[13:38:27.276] KEY vk=0x45 (69), modKey=0, capturing=0
[13:38:27.382] KEY vk=0x20 (32), modKey=0, capturing=0
[13:38:27.631] KEY vk=0x50 (80), modKey=0, capturing=0
[13:38:27.724] KEY vk=0x41 (65), modKey=0, capturing=0
[13:38:28.585] ReinstallHook: OK
[13:38:29.095] KEY vk=0x8 (8), modKey=0, capturing=0
[13:38:29.373] KEY vk=0x48 (72), modKey=0, capturing=0
[13:38:29.399] KEY vk=0x59 (89), modKey=0, capturing=0
[13:38:29.442] KEY vk=0x41 (65), modKey=0, capturing=0
[13:38:29.605] KEY vk=0x52 (82), modKey=0, capturing=0
[13:38:29.814] KEY vk=0x43 (67), modKey=0, capturing=0
[13:38:30.410] KEY vk=0x59 (89), modKey=0, capturing=0
[13:38:30.556] KEY vk=0x44 (68), modKey=0, capturing=0
[13:38:30.784] KEY vk=0x45 (69), modKey=0, capturing=0
[13:38:31.145] KEY vk=0x20 (32), modKey=0, capturing=0
[13:38:31.614] KEY vk=0x52 (82), modKey=0, capturing=0
[13:38:31.735] KEY vk=0x55 (85), modKey=0, capturing=0
[13:38:32.152] KEY vk=0x4E (78), modKey=0, capturing=0
[13:38:32.291] KEY vk=0x4E (78), modKey=0, capturing=0
[13:38:33.035] KEY vk=0x49 (73), modKey=0, capturing=0
[13:38:33.172] KEY vk=0x4E (78), modKey=0, capturing=0
[13:38:33.583] ReinstallHook: OK
[13:38:34.216] KEY vk=0x47 (71), modKey=0, capturing=0
[13:38:35.076] KEY vk=0x8 (8), modKey=0, capturing=0
[13:38:38.585] ReinstallHook: OK
[13:38:41.521] KEY vk=0xAE (174), modKey=0, capturing=0
[13:38:41.521] -> VOL key, modKey=0, modPressed=1
[13:38:41.521] -> queuing volume change
[13:38:41.521] Worker: volume change
[13:38:41.530] Worker: vol changed to 33% (qobuz.exe)
[13:38:41.579] KEY vk=0xAE (174), modKey=0, capturing=0
[13:38:41.579] -> VOL key, modKey=0, modPressed=1
[13:38:41.580] -> queuing volume change
[13:38:41.580] Worker: volume change
[13:38:41.588] Worker: vol changed to 32% (qobuz.exe)
[13:38:41.618] KEY vk=0xAE (174), modKey=0, capturing=0
[13:38:41.618] -> VOL key, modKey=0, modPressed=1
[13:38:41.618] -> queuing volume change
[13:38:41.618] Worker: volume change
[13:38:41.625] Worker: vol changed to 31% (qobuz.exe)
[13:38:41.655] KEY vk=0xAE (174), modKey=0, capturing=0
[13:38:41.655] -> VOL key, modKey=0, modPressed=1
[13:38:41.655] -> queuing volume change
[13:38:41.656] Worker: volume change
[13:38:41.663] Worker: vol changed to 30% (qobuz.exe)
[13:38:41.686] KEY vk=0xAE (174), modKey=0, capturing=0
[13:38:41.686] -> VOL key, modKey=0, modPressed=1
[13:38:41.686] -> queuing volume change
[13:38:41.686] Worker: volume change
[13:38:41.693] Worker: vol changed to 29% (qobuz.exe)
[13:38:41.721] KEY vk=0xAE (174), modKey=0, capturing=0
[13:38:41.721] -> VOL key, modKey=0, modPressed=1
[13:38:41.721] -> queuing volume change
[13:38:41.722] Worker: volume change
[13:38:41.730] Worker: vol changed to 28% (qobuz.exe)
[13:38:41.756] KEY vk=0xAE (174), modKey=0, capturing=0
[13:38:41.756] -> VOL key, modKey=0, modPressed=1
[13:38:41.756] -> queuing volume change
[13:38:41.757] Worker: volume change
[13:38:41.764] Worker: vol changed to 27% (qobuz.exe)
[13:38:42.177] KEY vk=0xAF (175), modKey=0, capturing=0
[13:38:42.177] -> VOL key, modKey=0, modPressed=1
[13:38:42.177] -> queuing volume change
[13:38:42.177] Worker: volume change
[13:38:42.185] Worker: vol changed to 28% (qobuz.exe)
[13:38:42.232] KEY vk=0xAF (175), modKey=0, capturing=0
[13:38:42.232] -> VOL key, modKey=0, modPressed=1
[13:38:42.232] -> queuing volume change
[13:38:42.232] Worker: volume change
[13:38:42.241] Worker: vol changed to 29% (qobuz.exe)
[13:38:42.278] KEY vk=0xAF (175), modKey=0, capturing=0
[13:38:42.278] -> VOL key, modKey=0, modPressed=1
[13:38:42.278] -> queuing volume change
[13:38:42.279] Worker: volume change
[13:38:42.286] Worker: vol changed to 30% (qobuz.exe)
[13:38:42.320] KEY vk=0xAF (175), modKey=0, capturing=0
[13:38:42.320] -> VOL key, modKey=0, modPressed=1
[13:38:42.321] -> queuing volume change
[13:38:42.321] Worker: volume change
[13:38:42.332] Worker: vol changed to 31% (qobuz.exe)
[13:38:42.352] KEY vk=0xAF (175), modKey=0, capturing=0
[13:38:42.352] -> VOL key, modKey=0, modPressed=1
[13:38:42.352] -> queuing volume change
[13:38:42.353] Worker: volume change
[13:38:42.361] Worker: vol changed to 32% (qobuz.exe)
[13:38:42.383] KEY vk=0xAF (175), modKey=0, capturing=0
[13:38:42.383] -> VOL key, modKey=0, modPressed=1
[13:38:42.383] -> queuing volume change
[13:38:42.383] Worker: volume change
[13:38:42.393] Worker: vol changed to 33% (qobuz.exe)
[13:38:42.414] KEY vk=0xAF (175), modKey=0, capturing=0
[13:38:42.414] -> VOL key, modKey=0, modPressed=1
[13:38:42.414] -> queuing volume change
[13:38:42.414] Worker: volume change
[13:38:42.422] Worker: vol changed to 34% (qobuz.exe)
[13:38:42.777] KEY vk=0xAF (175), modKey=0, capturing=0
[13:38:42.777] -> VOL key, modKey=0, modPressed=1
[13:38:42.778] -> queuing volume change
[13:38:42.778] Worker: volume change
[13:38:42.786] Worker: vol changed to 35% (qobuz.exe)
[13:38:42.819] KEY vk=0xAF (175), modKey=0, capturing=0
[13:38:42.820] -> VOL key, modKey=0, modPressed=1
[13:38:42.820] -> queuing volume change
[13:38:42.820] Worker: volume change
[13:38:42.828] Worker: vol changed to 36% (qobuz.exe)
[13:38:42.874] KEY vk=0xAF (175), modKey=0, capturing=0
[13:38:42.875] -> VOL key, modKey=0, modPressed=1
[13:38:42.875] -> queuing volume change
[13:38:42.875] Worker: volume change
[13:38:42.883] Worker: vol changed to 37% (qobuz.exe)
[13:38:42.910] KEY vk=0xAF (175), modKey=0, capturing=0
[13:38:42.910] -> VOL key, modKey=0, modPressed=1
[13:38:42.910] -> queuing volume change
[13:38:42.910] Worker: volume change
[13:38:42.918] Worker: vol changed to 38% (qobuz.exe)
[13:38:42.932] KEY vk=0xAF (175), modKey=0, capturing=0
[13:38:42.932] -> VOL key, modKey=0, modPressed=1
[13:38:42.932] -> queuing volume change
[13:38:42.932] Worker: volume change
[13:38:42.939] Worker: vol changed to 39% (qobuz.exe)
[13:38:42.951] KEY vk=0xAF (175), modKey=0, capturing=0
[13:38:42.951] -> VOL key, modKey=0, modPressed=1
[13:38:42.951] -> queuing volume change
[13:38:42.951] Worker: volume change
[13:38:42.958] Worker: vol changed to 40% (qobuz.exe)
[13:38:42.967] KEY vk=0xAF (175), modKey=0, capturing=0
[13:38:42.967] -> VOL key, modKey=0, modPressed=1
[13:38:42.967] -> queuing volume change
[13:38:42.968] Worker: volume change
[13:38:42.974] Worker: vol changed to 41% (qobuz.exe)
[13:38:42.983] KEY vk=0xAF (175), modKey=0, capturing=0
[13:38:42.983] -> VOL key, modKey=0, modPressed=1
[13:38:42.983] -> queuing volume change
[13:38:42.983] Worker: volume change
[13:38:42.991] Worker: vol changed to 42% (qobuz.exe)
[13:38:43.004] KEY vk=0xAF (175), modKey=0, capturing=0
[13:38:43.004] -> VOL key, modKey=0, modPressed=1
[13:38:43.004] -> queuing volume change
[13:38:43.004] Worker: volume change
[13:38:43.010] Worker: vol changed to 43% (qobuz.exe)
[13:38:43.240] KEY vk=0xAF (175), modKey=0, capturing=0
[13:38:43.240] -> VOL key, modKey=0, modPressed=1
[13:38:43.240] -> queuing volume change
[13:38:43.240] Worker: volume change
[13:38:43.248] Worker: vol changed to 44% (qobuz.exe)
[13:38:43.299] KEY vk=0xAF (175), modKey=0, capturing=0
[13:38:43.299] -> VOL key, modKey=0, modPressed=1
[13:38:43.299] -> queuing volume change
[13:38:43.299] Worker: volume change
[13:38:43.307] Worker: vol changed to 45% (qobuz.exe)
[13:38:43.314] KEY vk=0xAF (175), modKey=0, capturing=0
[13:38:43.314] -> VOL key, modKey=0, modPressed=1
[13:38:43.314] -> queuing volume change
[13:38:43.314] Worker: volume change
[13:38:43.321] Worker: vol changed to 46% (qobuz.exe)
[13:38:43.325] KEY vk=0xAF (175), modKey=0, capturing=0
[13:38:43.325] -> VOL key, modKey=0, modPressed=1
[13:38:43.325] -> queuing volume change
[13:38:43.325] Worker: volume change
[13:38:43.332] Worker: vol changed to 47% (qobuz.exe)
[13:38:43.335] KEY vk=0xAF (175), modKey=0, capturing=0
[13:38:43.335] -> VOL key, modKey=0, modPressed=1
[13:38:43.335] -> queuing volume change
[13:38:43.335] Worker: volume change
[13:38:43.341] Worker: vol changed to 48% (qobuz.exe)
[13:38:43.344] KEY vk=0xAF (175), modKey=0, capturing=0
[13:38:43.344] -> VOL key, modKey=0, modPressed=1
[13:38:43.344] -> queuing volume change
[13:38:43.344] Worker: volume change
[13:38:43.352] Worker: vol changed to 49% (qobuz.exe)
[13:38:43.352] KEY vk=0xAF (175), modKey=0, capturing=0
[13:38:43.352] -> VOL key, modKey=0, modPressed=1
[13:38:43.352] -> queuing volume change
[13:38:43.352] Worker: volume change
[13:38:43.358] Worker: vol changed to 50% (qobuz.exe)
[13:38:43.360] KEY vk=0xAF (175), modKey=0, capturing=0
[13:38:43.360] -> VOL key, modKey=0, modPressed=1
[13:38:43.361] -> queuing volume change
[13:38:43.361] Worker: volume change
[13:38:43.368] Worker: vol changed to 51% (qobuz.exe)
[13:38:43.369] KEY vk=0xAF (175), modKey=0, capturing=0
[13:38:43.369] -> VOL key, modKey=0, modPressed=1
[13:38:43.369] -> queuing volume change
[13:38:43.370] Worker: volume change
[13:38:43.377] Worker: vol changed to 52% (qobuz.exe)
[13:38:43.384] KEY vk=0xAF (175), modKey=0, capturing=0
[13:38:43.384] -> VOL key, modKey=0, modPressed=1
[13:38:43.384] -> queuing volume change
[13:38:43.384] Worker: volume change
[13:38:43.393] Worker: vol changed to 53% (qobuz.exe)
[13:38:43.400] KEY vk=0xAF (175), modKey=0, capturing=0
[13:38:43.400] -> VOL key, modKey=0, modPressed=1
[13:38:43.400] -> queuing volume change
[13:38:43.400] Worker: volume change
[13:38:43.407] Worker: vol changed to 54% (qobuz.exe)
[13:38:43.576] ReinstallHook: OK
[13:38:43.641] KEY vk=0xAF (175), modKey=0, capturing=0
[13:38:43.641] -> VOL key, modKey=0, modPressed=1
[13:38:43.641] -> queuing volume change
[13:38:43.641] Worker: volume change
[13:38:43.649] Worker: vol changed to 55% (qobuz.exe)
[13:38:43.671] KEY vk=0xAF (175), modKey=0, capturing=0
[13:38:43.671] -> VOL key, modKey=0, modPressed=1
[13:38:43.671] -> queuing volume change
[13:38:43.671] Worker: volume change
[13:38:43.679] Worker: vol changed to 56% (qobuz.exe)
[13:38:43.687] KEY vk=0xAF (175), modKey=0, capturing=0
[13:38:43.687] -> VOL key, modKey=0, modPressed=1
[13:38:43.687] -> queuing volume change
[13:38:43.687] Worker: volume change
[13:38:43.697] Worker: vol changed to 57% (qobuz.exe)
[13:38:43.702] KEY vk=0xAF (175), modKey=0, capturing=0
[13:38:43.702] -> VOL key, modKey=0, modPressed=1
[13:38:43.702] -> queuing volume change
[13:38:43.702] Worker: volume change
[13:38:43.709] Worker: vol changed to 58% (qobuz.exe)
[13:38:43.713] KEY vk=0xAF (175), modKey=0, capturing=0
[13:38:43.713] -> VOL key, modKey=0, modPressed=1
[13:38:43.713] -> queuing volume change
[13:38:43.713] Worker: volume change
[13:38:43.721] KEY vk=0xAF (175), modKey=0, capturing=0
[13:38:43.721] -> VOL key, modKey=0, modPressed=1
[13:38:43.721] -> queuing volume change
[13:38:43.721] Worker: vol changed to 59% (qobuz.exe)
[13:38:43.722] Worker: volume change
[13:38:43.728] Worker: vol changed to 60% (qobuz.exe)
[13:38:43.730] KEY vk=0xAF (175), modKey=0, capturing=0
[13:38:43.731] -> VOL key, modKey=0, modPressed=1
[13:38:43.731] -> queuing volume change
[13:38:43.731] Worker: volume change
[13:38:43.739] Worker: vol changed to 61% (qobuz.exe)
[13:38:43.739] KEY vk=0xAF (175), modKey=0, capturing=0
[13:38:43.739] -> VOL key, modKey=0, modPressed=1
[13:38:43.739] -> queuing volume change
[13:38:43.739] Worker: volume change
[13:38:43.745] Worker: vol changed to 62% (qobuz.exe)
[13:38:43.748] KEY vk=0xAF (175), modKey=0, capturing=0
[13:38:43.748] -> VOL key, modKey=0, modPressed=1
[13:38:43.748] -> queuing volume change
[13:38:43.748] Worker: volume change
[13:38:43.755] Worker: vol changed to 63% (qobuz.exe)
[13:38:43.759] KEY vk=0xAF (175), modKey=0, capturing=0
[13:38:43.759] -> VOL key, modKey=0, modPressed=1
[13:38:43.760] -> queuing volume change
[13:38:43.760] Worker: volume change
[13:38:43.769] Worker: vol changed to 64% (qobuz.exe)
[13:38:43.775] KEY vk=0xAF (175), modKey=0, capturing=0
[13:38:43.775] -> VOL key, modKey=0, modPressed=1
[13:38:43.776] -> queuing volume change
[13:38:43.776] Worker: volume change
[13:38:43.783] Worker: vol changed to 65% (qobuz.exe)
[13:38:44.060] KEY vk=0xAF (175), modKey=0, capturing=0
[13:38:44.060] -> VOL key, modKey=0, modPressed=1
[13:38:44.060] -> queuing volume change
[13:38:44.060] Worker: volume change
[13:38:44.068] Worker: vol changed to 66% (qobuz.exe)
[13:38:44.074] KEY vk=0xAF (175), modKey=0, capturing=0
[13:38:44.074] -> VOL key, modKey=0, modPressed=1
[13:38:44.074] -> queuing volume change
[13:38:44.074] Worker: volume change
[13:38:44.082] Worker: vol changed to 67% (qobuz.exe)
[13:38:44.088] KEY vk=0xAF (175), modKey=0, capturing=0
[13:38:44.088] -> VOL key, modKey=0, modPressed=1
[13:38:44.089] -> queuing volume change
[13:38:44.089] Worker: volume change
[13:38:44.097] Worker: vol changed to 68% (qobuz.exe)
[13:38:44.099] KEY vk=0xAF (175), modKey=0, capturing=0
[13:38:44.099] -> VOL key, modKey=0, modPressed=1
[13:38:44.099] -> queuing volume change
[13:38:44.099] Worker: volume change
[13:38:44.107] Worker: vol changed to 69% (qobuz.exe)
[13:38:44.108] KEY vk=0xAF (175), modKey=0, capturing=0
[13:38:44.109] -> VOL key, modKey=0, modPressed=1
[13:38:44.109] -> queuing volume change
[13:38:44.109] Worker: volume change
[13:38:44.116] Worker: vol changed to 70% (qobuz.exe)
[13:38:44.117] KEY vk=0xAF (175), modKey=0, capturing=0
[13:38:44.117] -> VOL key, modKey=0, modPressed=1
[13:38:44.117] -> queuing volume change
[13:38:44.117] Worker: volume change
[13:38:44.127] KEY vk=0xAF (175), modKey=0, capturing=0
[13:38:44.127] -> VOL key, modKey=0, modPressed=1
[13:38:44.127] -> queuing volume change
[13:38:44.135] Worker: vol changed to 71% (qobuz.exe)
[13:38:44.135] Worker: volume change
[13:38:44.140] KEY vk=0xAF (175), modKey=0, capturing=0
[13:38:44.140] -> VOL key, modKey=0, modPressed=1
[13:38:44.140] -> queuing volume change
[13:38:44.141] Worker: vol changed to 72% (qobuz.exe)
[13:38:44.141] Worker: volume change
[13:38:44.148] Worker: vol changed to 73% (qobuz.exe)
[13:38:44.164] KEY vk=0xAF (175), modKey=0, capturing=0
[13:38:44.164] -> VOL key, modKey=0, modPressed=1
[13:38:44.164] -> queuing volume change
[13:38:44.164] Worker: volume change
[13:38:44.171] Worker: vol changed to 74% (qobuz.exe)
[13:38:44.455] KEY vk=0xAF (175), modKey=0, capturing=0
[13:38:44.456] -> VOL key, modKey=0, modPressed=1
[13:38:44.456] -> queuing volume change
[13:38:44.456] Worker: volume change
[13:38:44.465] Worker: vol changed to 75% (qobuz.exe)
[13:38:44.472] KEY vk=0xAF (175), modKey=0, capturing=0
[13:38:44.472] -> VOL key, modKey=0, modPressed=1
[13:38:44.472] -> queuing volume change
[13:38:44.473] Worker: volume change
[13:38:44.480] Worker: vol changed to 76% (qobuz.exe)
[13:38:44.488] KEY vk=0xAF (175), modKey=0, capturing=0
[13:38:44.488] -> VOL key, modKey=0, modPressed=1
[13:38:44.488] -> queuing volume change
[13:38:44.488] Worker: volume change
[13:38:44.503] KEY vk=0xAF (175), modKey=0, capturing=0
[13:38:44.503] -> VOL key, modKey=0, modPressed=1
e)
[13:38:44.503] -> queuing volume change
[13:38:44.504] Worker: volume change
[13:38:44.510] Worker: vol changed to 78% (qobuz.exe)
[13:38:44.515] KEY vk=0xAF (175), modKey=0, capturing=0
[13:38:44.515] -> VOL key, modKey=0, modPressed=1
[13:38:44.515] -> queuing volume change
[13:38:44.515] Worker: volume change
[13:38:44.522] Worker: vol changed to 79% (qobuz.exe)
[13:38:44.526] KEY vk=0xAF (175), modKey=0, capturing=0
[13:38:44.526] -> VOL key, modKey=0, modPressed=1
[13:38:44.526] -> queuing volume change
[13:38:44.526] Worker: volume change
[13:38:44.538] KEY vk=0xAF (175), modKey=0, capturing=0
[13:38:44.538] -> VOL key, modKey=0, modPressed=1
[13:38:44.538] -> queuing volume change
[13:38:44.541] Worker: vol changed to 80% (qobuz.exe)
[13:38:44.541] Worker: volume change
[13:38:44.549] Worker: vol changed to 81% (qobuz.exe)
[13:38:44.552] KEY vk=0xAF (175), modKey=0, capturing=0
[13:38:44.552] -> VOL key, modKey=0, modPressed=1
[13:38:44.552] -> queuing volume change
[13:38:44.552] Worker: volume change
[13:38:44.559] Worker: vol changed to 82% (qobuz.exe)
[13:38:44.568] KEY vk=0xAF (175), modKey=0, capturing=0
[13:38:44.568] -> VOL key, modKey=0, modPressed=1
[13:38:44.568] -> queuing volume change
[13:38:44.569] Worker: volume change
[13:38:44.576] Worker: vol changed to 83% (qobuz.exe)
[13:38:44.604] KEY vk=0xAF (175), modKey=0, capturing=0
[13:38:44.604] -> VOL key, modKey=0, modPressed=1
[13:38:44.604] -> queuing volume change
[13:38:44.604] Worker: volume change
[13:38:44.612] Worker: vol changed to 84% (qobuz.exe)
[13:38:44.812] KEY vk=0xAF (175), modKey=0, capturing=0
[13:38:44.812] -> VOL key, modKey=0, modPressed=1
[13:38:44.812] -> queuing volume change
[13:38:44.812] Worker: volume change
[13:38:44.821] Worker: vol changed to 85% (qobuz.exe)
[13:38:44.823] KEY vk=0xAF (175), modKey=0, capturing=0
[13:38:44.823] -> VOL key, modKey=0, modPressed=1
[13:38:44.823] -> queuing volume change
[13:38:44.823] Worker: volume change
[13:38:44.830] Worker: vol changed to 86% (qobuz.exe)
[13:38:44.834] KEY vk=0xAF (175), modKey=0, capturing=0
[13:38:44.834] -> VOL key, modKey=0, modPressed=1
[13:38:44.834] -> queuing volume change
[13:38:44.834] Worker: volume change
[13:38:44.841] Worker: vol changed to 87% (qobuz.exe)
[13:38:44.846] KEY vk=0xAF (175), modKey=0, capturing=0
[13:38:44.846] -> VOL key, modKey=0, modPressed=1
[13:38:44.846] -> queuing volume change
[13:38:44.846] Worker: volume change
[13:38:44.854] Worker: vol changed to 88% (qobuz.exe)
[13:38:44.857] KEY vk=0xAF (175), modKey=0, capturing=0
[13:38:44.857] -> VOL key, modKey=0, modPressed=1
[13:38:44.857] -> queuing volume change
[13:38:44.857] Worker: volume change
[13:38:44.864] Worker: vol changed to 89% (qobuz.exe)
[13:38:44.868] KEY vk=0xAF (175), modKey=0, capturing=0
[13:38:44.868] -> VOL key, modKey=0, modPressed=1
[13:38:44.869] -> queuing volume change
[13:38:44.869] Worker: volume change
[13:38:44.874] Worker: vol changed to 90% (qobuz.exe)
[13:38:44.884] KEY vk=0xAF (175), modKey=0, capturing=0
[13:38:44.884] -> VOL key, modKey=0, modPressed=1
[13:38:44.884] -> queuing volume change
[13:38:44.884] Worker: volume change
[13:38:44.890] Worker: vol changed to 91% (qobuz.exe)
[13:38:45.152] KEY vk=0xAF (175), modKey=0, capturing=0
[13:38:45.152] -> VOL key, modKey=0, modPressed=1
[13:38:45.152] -> queuing volume change
[13:38:45.153] Worker: volume change
[13:38:45.161] Worker: vol changed to 92% (qobuz.exe)
[13:38:45.166] KEY vk=0xAF (175), modKey=0, capturing=0
[13:38:45.166] -> VOL key, modKey=0, modPressed=1
[13:38:45.166] -> queuing volume change
[13:38:45.166] Worker: volume change
[13:38:45.174] Worker: vol changed to 93% (qobuz.exe)
[13:38:45.180] KEY vk=0xAF (175), modKey=0, capturing=0
[13:38:45.181] -> VOL key, modKey=0, modPressed=1
[13:38:45.181] -> queuing volume change
[13:38:45.181] Worker: volume change
[13:38:45.189] Worker: vol changed to 94% (qobuz.exe)
[13:38:45.190] KEY vk=0xAF (175), modKey=0, capturing=0
[13:38:45.190] -> VOL key, modKey=0, modPressed=1
[13:38:45.190] -> queuing volume change
[13:38:45.190] Worker: volume change
[13:38:45.197] Worker: vol changed to 95% (qobuz.exe)
[13:38:45.201] KEY vk=0xAF (175), modKey=0, capturing=0
[13:38:45.201] -> VOL key, modKey=0, modPressed=1
[13:38:45.201] -> queuing volume change
[13:38:45.201] Worker: volume change
[13:38:45.209] Worker: vol changed to 96% (qobuz.exe)
[13:38:45.212] KEY vk=0xAF (175), modKey=0, capturing=0
[13:38:45.212] -> VOL key, modKey=0, modPressed=1
[13:38:45.212] -> queuing volume change
[13:38:45.212] Worker: volume change
[13:38:45.218] Worker: vol changed to 97% (qobuz.exe)
[13:38:45.227] KEY vk=0xAF (175), modKey=0, capturing=0
[13:38:45.227] -> VOL key, modKey=0, modPressed=1
[13:38:45.227] -> queuing volume change
[13:38:45.228] Worker: volume change
[13:38:45.234] Worker: vol changed to 98% (qobuz.exe)
[13:38:45.533] KEY vk=0xAF (175), modKey=0, capturing=0
[13:38:45.533] -> VOL key, modKey=0, modPressed=1
[13:38:45.533] -> queuing volume change
[13:38:45.534] Worker: volume change
[13:38:45.540] Worker: vol changed to 99% (qobuz.exe)
[13:38:45.546] KEY vk=0xAF (175), modKey=0, capturing=0
[13:38:45.546] -> VOL key, modKey=0, modPressed=1
[13:38:45.546] -> queuing volume change
[13:38:45.546] Worker: volume change
[13:38:45.553] Worker: vol changed to 100% (qobuz.exe)
[13:38:45.558] KEY vk=0xAF (175), modKey=0, capturing=0
[13:38:45.558] -> VOL key, modKey=0, modPressed=1
[13:38:45.558] -> queuing volume change
[13:38:45.559] Worker: volume change
[13:38:45.565] Worker: vol changed to 100% (qobuz.exe)
[13:38:45.571] KEY vk=0xAF (175), modKey=0, capturing=0
[13:38:45.571] -> VOL key, modKey=0, modPressed=1
[13:38:45.571] -> queuing volume change
[13:38:45.571] Worker: volume change
[13:38:45.577] Worker: vol changed to 100% (qobuz.exe)
[13:38:45.586] KEY vk=0xAF (175), modKey=0, capturing=0
[13:38:45.586] -> VOL key, modKey=0, modPressed=1
[13:38:45.586] -> queuing volume change
[13:38:45.586] Worker: volume change
[13:38:45.593] Worker: vol changed to 100% (qobuz.exe)
[13:38:45.623] KEY vk=0xAF (175), modKey=0, capturing=0
[13:38:45.623] -> VOL key, modKey=0, modPressed=1
[13:38:45.623] -> queuing volume change
[13:38:45.624] Worker: volume change
[13:38:45.630] Worker: vol changed to 100% (qobuz.exe)
[13:38:48.226] KEY vk=0x78 (120), modKey=0, capturing=0
[13:38:48.226] -> infoKey matched, requesting track info
[13:38:48.226] Worker: track info
[13:38:48.580] ReinstallHook: OK
[13:38:53.584] ReinstallHook: OK
[13:38:55.846] KEY vk=0xAE (174), modKey=0, capturing=0
[13:38:55.846] -> VOL key, modKey=0, modPressed=1
[13:38:55.846] -> queuing volume change
[13:38:55.846] Worker: volume change
[13:38:55.854] Worker: vol changed to 99% (qobuz.exe)
[13:38:58.577] ReinstallHook: OK
[13:39:03.582] ReinstallHook: OK
[13:39:07.316] KEY vk=0xAF (175), modKey=0, capturing=0
[13:39:07.316] -> VOL key, modKey=0, modPressed=1
[13:39:07.316] -> queuing volume change
[13:39:07.316] Worker: volume change
[13:39:07.323] Worker: vol changed to 100% (qobuz.exe)
[13:39:07.344] KEY vk=0xAF (175), modKey=0, capturing=0
[13:39:07.344] -> VOL key, modKey=0, modPressed=1
[13:39:07.344] -> queuing volume change
[13:39:07.344] Worker: volume change
[13:39:07.352] Worker: vol changed to 100% (qobuz.exe)
[13:39:07.378] KEY vk=0xAF (175), modKey=0, capturing=0
[13:39:07.378] -> VOL key, modKey=0, modPressed=1
[13:39:07.378] -> queuing volume change
[13:39:07.378] Worker: volume change
[13:39:07.385] Worker: vol changed to 100% (qobuz.exe)
[13:39:07.398] KEY vk=0xAF (175), modKey=0, capturing=0
[13:39:07.398] -> VOL key, modKey=0, modPressed=1
[13:39:07.398] -> queuing volume change
[13:39:07.398] Worker: volume change
[13:39:07.405] Worker: vol changed to 100% (qobuz.exe)
[13:39:07.424] KEY vk=0xAF (175), modKey=0, capturing=0
[13:39:07.424] -> VOL key, modKey=0, modPressed=1
[13:39:07.424] -> queuing volume change
[13:39:07.424] Worker: volume change
[13:39:07.432] Worker: vol changed to 100% (qobuz.exe)
[13:39:07.446] KEY vk=0xAF (175), modKey=0, capturing=0
[13:39:07.446] -> VOL key, modKey=0, modPressed=1
[13:39:07.446] -> queuing volume change
[13:39:07.446] Worker: volume change
[13:39:07.453] Worker: vol changed to 100% (qobuz.exe)
[13:39:07.469] KEY vk=0xAF (175), modKey=0, capturing=0
[13:39:07.469] -> VOL key, modKey=0, modPressed=1
[13:39:07.469] -> queuing volume change
[13:39:07.469] Worker: volume change
[13:39:07.477] Worker: vol changed to 100% (qobuz.exe)
[13:39:07.489] KEY vk=0xAF (175), modKey=0, capturing=0
[13:39:07.489] -> VOL key, modKey=0, modPressed=1
[13:39:07.490] -> queuing volume change
[13:39:07.490] Worker: volume change
[13:39:07.496] KEY vk=0xAF (175), modKey=0, capturing=0
[13:39:07.496] -> VOL key, modKey=0, modPressed=1
[13:39:07.496] -> queuing volume change
[13:39:07.496] Worker: vol changed to 100% (qobuz.exe)
[13:39:07.496] Worker: volume change
[13:39:07.503] Worker: vol changed to 100% (qobuz.exe)
[13:39:07.514] KEY vk=0xAF (175), modKey=0, capturing=0
[13:39:07.515] -> VOL key, modKey=0, modPressed=1
[13:39:07.515] -> queuing volume change
[13:39:07.515] Worker: volume change
[13:39:07.521] Worker: vol changed to 100% (qobuz.exe)
[13:39:07.544] KEY vk=0xAF (175), modKey=0, capturing=0
[13:39:07.544] -> VOL key, modKey=0, modPressed=1
[13:39:07.544] -> queuing volume change
[13:39:07.544] Worker: volume change
[13:39:07.551] Worker: vol changed to 100% (qobuz.exe)
[13:39:08.583] ReinstallHook: OK
[13:39:13.578] ReinstallHook: OK
[13:39:18.585] ReinstallHook: OK
[13:39:23.577] ReinstallHook: OK
[13:39:28.585] ReinstallHook: OK
[13:39:33.583] ReinstallHook: OK
[13:39:38.576] ReinstallHook: OK
[13:39:43.573] ReinstallHook: OK
[13:39:48.571] ReinstallHook: OK
[13:39:53.586] ReinstallHook: OK
[13:39:58.577] ReinstallHook: OK
[13:40:03.573] ReinstallHook: OK
[13:40:08.582] ReinstallHook: OK
[13:40:13.584] ReinstallHook: OK
[13:40:18.580] ReinstallHook: OK
[13:40:23.573] ReinstallHook: OK
[13:40:28.573] ReinstallHook: OK
[13:40:33.578] ReinstallHook: OK
[13:40:38.580] ReinstallHook: OK
[13:40:43.589] ReinstallHook: OK
[13:40:48.601] ReinstallHook: OK
[13:40:53.593] ReinstallHook: OK
[13:40:58.587] ReinstallHook: OK
[13:41:03.597] ReinstallHook: OK
[13:41:08.591] ReinstallHook: OK
[13:41:13.613] ReinstallHook: OK
[13:41:18.615] ReinstallHook: OK
[13:41:23.614] ReinstallHook: OK
[13:41:28.606] ReinstallHook: OK
[13:41:33.604] ReinstallHook: OK
[13:41:38.609] ReinstallHook: OK
[13:41:43.615] ReinstallHook: OK
[13:41:48.609] ReinstallHook: OK
[13:41:53.612] ReinstallHook: OK
[13:41:58.613] ReinstallHook: OK
[13:42:03.613] ReinstallHook: OK
[13:42:08.607] ReinstallHook: OK
[13:42:13.608] ReinstallHook: OK
[13:42:18.607] ReinstallHook: OK
[13:42:23.627] ReinstallHook: OK
[13:42:28.621] ReinstallHook: OK
[13:42:33.632] ReinstallHook: OK
[13:42:38.624] ReinstallHook: OK
[13:42:43.621] ReinstallHook: OK
[13:42:48.484] KEY vk=0x4F (79), modKey=0, capturing=0
[13:42:48.623] ReinstallHook: OK
[13:42:48.780] KEY vk=0x8 (8), modKey=0, capturing=0
[13:42:48.898] KEY vk=0x8 (8), modKey=0, capturing=0
[13:42:49.111] KEY vk=0x44 (68), modKey=0, capturing=0
[13:42:49.160] KEY vk=0x4F (79), modKey=0, capturing=0
[13:42:49.401] KEY vk=0x4E (78), modKey=0, capturing=0
[13:42:49.665] KEY vk=0xDE (222), modKey=0, capturing=0
[13:42:49.765] KEY vk=0x54 (84), modKey=0, capturing=0
[13:42:50.153] KEY vk=0xD (13), modKey=0, capturing=0
[13:42:53.636] ReinstallHook: OK
[13:42:58.646] ReinstallHook: OK
[13:43:03.645] ReinstallHook: OK
[13:43:08.644] ReinstallHook: OK
[13:43:13.636] ReinstallHook: OK
[13:43:18.636] ReinstallHook: OK
[13:43:23.649] ReinstallHook: OK
[13:43:28.639] ReinstallHook: OK
[13:43:33.638] ReinstallHook: OK
[13:43:35.365] KEY vk=0xB1 (177), modKey=0, capturing=0
[13:43:36.228] KEY vk=0xB1 (177), modKey=0, capturing=0
[13:43:38.070] KEY vk=0xB0 (176), modKey=0, capturing=0
[13:43:38.649] ReinstallHook: OK
[13:43:43.648] ReinstallHook: OK
[13:43:48.644] ReinstallHook: OK
[13:43:49.991] KEY vk=0xB3 (179), modKey=0, capturing=0
[13:43:50.624] KEY vk=0xB3 (179), modKey=0, capturing=0
[13:43:52.076] KEY vk=0xAD (173), modKey=0, capturing=0
[13:43:52.076] -> VK_VOLUME_MUTE -> queuing play/pause
[13:43:52.076] Worker: sending play/pause
[13:43:52.076] KEY vk=0xB3 (179), modKey=0, capturing=0
[13:43:52.699] KEY vk=0xAD (173), modKey=0, capturing=0
[13:43:52.699] -> VK_VOLUME_MUTE -> queuing play/pause
[13:43:52.699] Worker: sending play/pause
[13:43:52.700] KEY vk=0xB3 (179), modKey=0, capturing=0
[13:43:53.639] ReinstallHook: OK
[13:43:58.636] ReinstallHook: OK
[13:44:03.638] ReinstallHook: OK
[13:44:08.646] ReinstallHook: OK
[13:44:13.636] ReinstallHook: OK
[13:44:18.637] ReinstallHook: OK
[13:44:23.639] ReinstallHook: OK
[13:44:28.648] ReinstallHook: OK
[13:44:33.635] ReinstallHook: OK
[13:44:38.056] KEY vk=0xA0 (160), modKey=0, capturing=0
[13:44:38.294] KEY vk=0x4D (77), modKey=0, capturing=0
[13:44:38.445] KEY vk=0x45 (69), modKey=0, capturing=0
[13:44:38.537] KEY vk=0x20 (32), modKey=0, capturing=0
[13:44:38.646] ReinstallHook: OK
[13:44:38.704] KEY vk=0x54 (84), modKey=0, capturing=0
[13:44:38.826] KEY vk=0x4F (79), modKey=0, capturing=0
[13:44:39.000] KEY vk=0x4F (79), modKey=0, capturing=0
[13:44:39.265] KEY vk=0xBC (188), modKey=0, capturing=0
[13:44:39.429] KEY vk=0x20 (32), modKey=0, capturing=0
[13:44:39.607] KEY vk=0x42 (66), modKey=0, capturing=0
[13:44:39.617] KEY vk=0x4E (78), modKey=0, capturing=0
[13:44:39.701] KEY vk=0x45 (69), modKey=0, capturing=0
[13:44:40.110] KEY vk=0x8 (8), modKey=0, capturing=0
[13:44:40.247] KEY vk=0x8 (8), modKey=0, capturing=0
[13:44:40.332] KEY vk=0x41 (65), modKey=0, capturing=0
[13:44:40.520] KEY vk=0x42 (66), modKey=0, capturing=0
[13:44:40.667] KEY vk=0x59 (89), modKey=0, capturing=0
[13:44:41.019] KEY vk=0xD (13), modKey=0, capturing=0
[13:44:42.745] KEY vk=0xA0 (160), modKey=0, capturing=0
[13:44:42.994] KEY vk=0x4D (77), modKey=0, capturing=0
[13:44:43.159] KEY vk=0x45 (69), modKey=0, capturing=0
[13:44:43.218] KEY vk=0x20 (32), modKey=0, capturing=0
[13:44:43.380] KEY vk=0x54 (84), modKey=0, capturing=0
[13:44:43.453] KEY vk=0x4F (79), modKey=0, capturing=0
[13:44:43.576] KEY vk=0x4F (79), modKey=0, capturing=0
[13:44:43.648] ReinstallHook: OK
[13:44:43.922] KEY vk=0xD (13), modKey=0, capturing=0
[13:44:48.636] ReinstallHook: OK
[13:44:53.645] ReinstallHook: OK
[13:44:58.644] ReinstallHook: OK
[13:45:03.642] ReinstallHook: OK
[13:45:08.647] ReinstallHook: OK
[13:45:13.639] ReinstallHook: OK
[13:45:16.893] KEY vk=0xAF (175), modKey=0, capturing=0
[13:45:16.894] -> VOL key, modKey=0, modPressed=1
[13:45:16.894] -> queuing volume change
[13:45:16.894] Worker: volume change
[13:45:16.901] Worker: vol changed to 100% (spotify.exe)
[13:45:18.642] ReinstallHook: OK
[13:45:21.100] KEY vk=0x78 (120), modKey=0, capturing=0
[13:45:21.100] -> infoKey matched, requesting track info
[13:45:21.101] Worker: track info
[13:45:23.638] ReinstallHook: OK
[13:45:24.514] KEY vk=0x78 (120), modKey=0, capturing=0
[13:45:24.514] -> infoKey matched, requesting track info
[13:45:24.515] Worker: track info
[13:45:24.545] KEY vk=0x7A (122), modKey=0, capturing=0
[13:45:25.148] KEY vk=0x78 (120), modKey=0, capturing=0
[13:45:25.148] -> infoKey matched, requesting track info
[13:45:25.148] Worker: track info
[13:45:28.649] ReinstallHook: OK
[13:45:28.737] KEY vk=0x1B (27), modKey=0, capturing=0
[13:45:30.330] KEY vk=0x7A (122), modKey=0, capturing=0
[13:45:33.649] ReinstallHook: OK
[13:45:34.672] KEY vk=0xAD (173), modKey=0, capturing=0
[13:45:34.672] -> VK_VOLUME_MUTE -> queuing play/pause
[13:45:34.672] Worker: sending play/pause
[13:45:34.672] KEY vk=0xB3 (179), modKey=0, capturing=0
[13:45:35.939] KEY vk=0x78 (120), modKey=0, capturing=0
[13:45:35.939] -> infoKey matched, requesting track info
[13:45:35.939] Worker: track info
[13:45:38.641] ReinstallHook: OK
[13:45:41.165] KEY vk=0xAD (173), modKey=0, capturing=0
[13:45:41.165] -> VK_VOLUME_MUTE -> queuing play/pause
[13:45:41.166] Worker: sending play/pause
[13:45:41.166] KEY vk=0xB3 (179), modKey=0, capturing=0
[13:45:43.649] ReinstallHook: OK
[13:45:48.642] ReinstallHook: OK
[13:45:49.571] KEY vk=0xA0 (160), modKey=0, capturing=0
[13:45:49.604] KEY vk=0xA4 (164), modKey=0, capturing=0
[13:45:49.795] KEY vk=0xA4 (164), modKey=0, capturing=0
[13:45:50.006] KEY vk=0x4E (78), modKey=0, capturing=0
[13:45:50.286] KEY vk=0x8 (8), modKey=0, capturing=0
[13:45:50.441] KEY vk=0xA0 (160), modKey=0, capturing=0
[13:45:50.585] KEY vk=0x46 (70), modKey=0, capturing=0
[13:45:50.660] KEY vk=0x20 (32), modKey=0, capturing=0
[13:45:50.765] KEY vk=0x4E (78), modKey=0, capturing=0
[13:45:50.850] KEY vk=0x53 (83), modKey=0, capturing=0
[13:45:50.893] KEY vk=0x20 (32), modKey=0, capturing=0
[13:45:51.066] KEY vk=0x56 (86), modKey=0, capturing=0
[13:45:51.093] KEY vk=0x4A (74), modKey=0, capturing=0
[13:45:51.355] KEY vk=0xBA (186), modKey=0, capturing=0
[13:45:51.449] KEY vk=0x54 (84), modKey=0, capturing=0
[13:45:51.537] KEY vk=0x49 (73), modKey=0, capturing=0
[13:45:51.734] KEY vk=0x4D (77), modKey=0, capturing=0
[13:45:51.825] KEY vk=0x20 (32), modKey=0, capturing=0
[13:45:51.909] KEY vk=0x43 (67), modKey=0, capturing=0
[13:45:52.045] KEY vk=0x4C (76), modKey=0, capturing=0
[13:45:52.113] KEY vk=0x54 (84), modKey=0, capturing=0
[13:45:52.272] KEY vk=0x4B (75), modKey=0, capturing=0
[13:45:52.397] KEY vk=0x46 (70), modKey=0, capturing=0
[13:45:52.518] KEY vk=0x4E (78), modKey=0, capturing=0
[13:45:52.523] KEY vk=0x4D (77), modKey=0, capturing=0
[13:45:53.262] KEY vk=0x20 (32), modKey=0, capturing=0
[13:45:53.362] KEY vk=0x4E (78), modKey=0, capturing=0
[13:45:53.475] KEY vk=0x46 (70), modKey=0, capturing=0
[13:45:53.634] ReinstallHook: OK
[13:45:53.649] KEY vk=0x52 (82), modKey=0, capturing=0
[13:45:53.747] KEY vk=0xA0 (160), modKey=0, capturing=0
[13:45:53.787] KEY vk=0xBF (191), modKey=0, capturing=0
[13:45:53.891] KEY vk=0x20 (32), modKey=0, capturing=0
[13:45:54.043] KEY vk=0x58 (88), modKey=0, capturing=0
[13:45:54.092] KEY vk=0x4E (78), modKey=0, capturing=0
[13:45:54.189] KEY vk=0x4A (74), modKey=0, capturing=0
[13:45:54.433] KEY vk=0xBC (188), modKey=0, capturing=0
[13:45:55.171] KEY vk=0x53 (83), modKey=0, capturing=0
[13:45:55.345] KEY vk=0x20 (32), modKey=0, capturing=0
[13:45:55.509] KEY vk=0x54 (84), modKey=0, capturing=0
[13:45:55.668] KEY vk=0x43 (67), modKey=0, capturing=0
[13:45:55.801] KEY vk=0x4B (75), modKey=0, capturing=0
[13:45:55.948] KEY vk=0x42 (66), modKey=0, capturing=0
[13:45:56.045] KEY vk=0x20 (32), modKey=0, capturing=0
[13:45:57.004] KEY vk=0x4E (78), modKey=0, capturing=0
[13:45:57.184] KEY vk=0x48 (72), modKey=0, capturing=0
[13:45:57.251] KEY vk=0x54 (84), modKey=0, capturing=0
[13:45:57.784] KEY vk=0x52 (82), modKey=0, capturing=0
[13:45:57.939] KEY vk=0x20 (32), modKey=0, capturing=0
[13:45:58.126] KEY vk=0x42 (66), modKey=0, capturing=0
[13:45:58.250] KEY vk=0x4B (75), modKey=0, capturing=0
[13:45:58.303] KEY vk=0x42 (66), modKey=0, capturing=0
[13:45:58.396] KEY vk=0x20 (32), modKey=0, capturing=0
[13:45:58.558] KEY vk=0x46 (70), modKey=0, capturing=0
[13:45:58.641] ReinstallHook: OK
[13:45:58.755] KEY vk=0x45 (69), modKey=0, capturing=0
[13:45:58.849] KEY vk=0x4C (76), modKey=0, capturing=0
[13:45:58.996] KEY vk=0x42 (66), modKey=0, capturing=0
[13:45:59.141] KEY vk=0x4A (74), modKey=0, capturing=0
[13:45:59.308] KEY vk=0x20 (32), modKey=0, capturing=0
[13:45:59.523] KEY vk=0x43 (67), modKey=0, capturing=0
[13:45:59.576] KEY vk=0x4E (78), modKey=0, capturing=0
[13:45:59.660] KEY vk=0x4A (74), modKey=0, capturing=0
[13:45:59.792] KEY vk=0x42 (66), modKey=0, capturing=0
[13:45:59.844] KEY vk=0x4E (78), modKey=0, capturing=0
[13:45:59.976] KEY vk=0x20 (32), modKey=0, capturing=0
[13:46:00.339] KEY vk=0x59 (89), modKey=0, capturing=0
[13:46:00.718] KEY vk=0x46 (70), modKey=0, capturing=0
[13:46:00.833] KEY vk=0x20 (32), modKey=0, capturing=0
[13:46:01.006] KEY vk=0x47 (71), modKey=0, capturing=0
[13:46:01.098] KEY vk=0x46 (70), modKey=0, capturing=0
[13:46:01.380] KEY vk=0x45 (69), modKey=0, capturing=0
[13:46:01.515] KEY vk=0x50 (80), modKey=0, capturing=0
[13:46:01.680] KEY vk=0x54 (84), modKey=0, capturing=0
[13:46:01.904] KEY vk=0xA0 (160), modKey=0, capturing=0
[13:46:02.039] KEY vk=0xBF (191), modKey=0, capturing=0
[13:46:02.128] KEY vk=0x20 (32), modKey=0, capturing=0
[13:46:02.332] KEY vk=0x59 (89), modKey=0, capturing=0
[13:46:02.704] KEY vk=0x8 (8), modKey=0, capturing=0
[13:46:02.916] KEY vk=0x4E (78), modKey=0, capturing=0
[13:46:03.040] KEY vk=0x4A (74), modKey=0, capturing=0
[13:46:03.252] KEY vk=0x20 (32), modKey=0, capturing=0
[13:46:03.641] ReinstallHook: OK
[13:46:05.648] KEY vk=0x77 (119), modKey=0, capturing=0
[13:46:05.648] -> menuKey matched, toggling menu
[13:46:05.648] Worker: menu toggle
[13:46:08.640] ReinstallHook: OK
[13:46:10.616] KEY vk=0xA0 (160), modKey=0, capturing=0
[13:46:10.728] KEY vk=0x4E (78), modKey=0, capturing=0
[13:46:10.926] KEY vk=0x48 (72), modKey=0, capturing=0
[13:46:11.004] KEY vk=0x54 (84), modKey=0, capturing=0
[13:46:11.173] KEY vk=0x52 (82), modKey=0, capturing=0
[13:46:11.262] KEY vk=0x20 (32), modKey=0, capturing=0
[13:46:11.424] KEY vk=0xA0 (160), modKey=0, capturing=0
[13:46:11.484] KEY vk=0x42 (66), modKey=0, capturing=0
[13:46:12.330] KEY vk=0x59 (89), modKey=0, capturing=0
[13:46:12.464] KEY vk=0x41 (65), modKey=0, capturing=0
[13:46:12.578] KEY vk=0x4A (74), modKey=0, capturing=0
[13:46:12.718] KEY vk=0x20 (32), modKey=0, capturing=0
[13:46:12.892] KEY vk=0xA0 (160), modKey=0, capturing=0
[13:46:13.048] KEY vk=0x52 (82), modKey=0, capturing=0
[13:46:13.638] ReinstallHook: OK
[13:46:13.680] KEY vk=0x54 (84), modKey=0, capturing=0
[13:46:13.958] KEY vk=0x51 (81), modKey=0, capturing=0
[13:46:14.104] KEY vk=0x20 (32), modKey=0, capturing=0
[13:46:14.567] KEY vk=0x59 (89), modKey=0, capturing=0
[13:46:14.661] KEY vk=0x54 (84), modKey=0, capturing=0
[13:46:14.787] KEY vk=0x20 (32), modKey=0, capturing=0
[13:46:15.057] KEY vk=0x44 (68), modKey=0, capturing=0
[13:46:15.145] KEY vk=0x53 (83), modKey=0, capturing=0
[13:46:15.276] KEY vk=0x4C (76), modKey=0, capturing=0
[13:46:15.390] KEY vk=0x46 (70), modKey=0, capturing=0
[13:46:15.542] KEY vk=0x44 (68), modKey=0, capturing=0
[13:46:15.630] KEY vk=0x46 (70), modKey=0, capturing=0
[13:46:15.774] KEY vk=0x4B (75), modKey=0, capturing=0
[13:46:15.910] KEY vk=0x20 (32), modKey=0, capturing=0
[13:46:16.287] KEY vk=0x59 (89), modKey=0, capturing=0
[13:46:16.396] KEY vk=0x42 (66), modKey=0, capturing=0
[13:46:16.554] KEY vk=0x52 (82), modKey=0, capturing=0
[13:46:16.739] KEY vk=0x46 (70), modKey=0, capturing=0
[13:46:16.887] KEY vk=0x52 (82), modKey=0, capturing=0
[13:46:16.966] KEY vk=0x4A (74), modKey=0, capturing=0
[13:46:17.074] KEY vk=0x51 (81), modKey=0, capturing=0
[13:46:17.165] KEY vk=0x20 (32), modKey=0, capturing=0
[13:46:17.305] KEY vk=0x42 (66), modKey=0, capturing=0
[13:46:17.400] KEY vk=0x59 (89), modKey=0, capturing=0
[13:46:17.530] KEY vk=0x41 (65), modKey=0, capturing=0
[13:46:17.655] KEY vk=0x4A (74), modKey=0, capturing=0
[13:46:17.660] KEY vk=0x48 (72), modKey=0, capturing=0
[13:46:17.863] KEY vk=0x48 (72), modKey=0, capturing=0
[13:46:18.638] ReinstallHook: OK
[13:46:19.350] KEY vk=0x8 (8), modKey=0, capturing=0
[13:46:19.975] KEY vk=0x56 (86), modKey=0, capturing=0
[13:46:20.073] KEY vk=0x46 (70), modKey=0, capturing=0
[13:46:20.351] KEY vk=0x57 (87), modKey=0, capturing=0
[13:46:20.502] KEY vk=0x42 (66), modKey=0, capturing=0
[13:46:20.674] KEY vk=0x42 (66), modKey=0, capturing=0
[13:46:20.838] KEY vk=0x20 (32), modKey=0, capturing=0
[13:46:20.988] KEY vk=0x47 (71), modKey=0, capturing=0
[13:46:21.055] KEY vk=0x48 (72), modKey=0, capturing=0
[13:46:21.380] KEY vk=0x42 (66), modKey=0, capturing=0
[13:46:21.534] KEY vk=0x20 (32), modKey=0, capturing=0
[13:46:21.673] KEY vk=0x59 (89), modKey=0, capturing=0
[13:46:21.828] KEY vk=0x46 (70), modKey=0, capturing=0
[13:46:22.104] KEY vk=0xBA (186), modKey=0, capturing=0
[13:46:22.167] KEY vk=0x46 (70), modKey=0, capturing=0
[13:46:22.990] KEY vk=0x4E (78), modKey=0, capturing=0
[13:46:23.182] KEY vk=0x42 (66), modKey=0, capturing=0
[13:46:23.333] KEY vk=0x42 (66), modKey=0, capturing=0
[13:46:23.482] KEY vk=0xA0 (160), modKey=0, capturing=0
[13:46:23.575] KEY vk=0x37 (55), modKey=0, capturing=0
[13:46:23.645] ReinstallHook: OK
[13:46:23.841] KEY vk=0x20 (32), modKey=0, capturing=0
[13:46:24.085] KEY vk=0xA0 (160), modKey=0, capturing=0
[13:46:24.197] KEY vk=0x46 (70), modKey=0, capturing=0
[13:46:24.296] KEY vk=0x20 (32), modKey=0, capturing=0
[13:46:24.487] KEY vk=0x4E (78), modKey=0, capturing=0
[13:46:25.189] KEY vk=0x8 (8), modKey=0, capturing=0
[13:46:25.342] KEY vk=0x8 (8), modKey=0, capturing=0
[13:46:28.643] ReinstallHook: OK
[13:46:33.572] KEY vk=0x8 (8), modKey=0, capturing=0
[13:46:33.646] ReinstallHook: OK
[13:46:35.706] KEY vk=0x78 (120), modKey=0, capturing=0
[13:46:35.706] -> infoKey matched, requesting track info
[13:46:35.706] Worker: track info
[13:46:38.645] ReinstallHook: OK
[13:46:41.104] KEY vk=0x78 (120), modKey=0, capturing=0
[13:46:41.104] -> infoKey matched, requesting track info
[13:46:41.105] Worker: track info
[13:46:43.652] ReinstallHook: OK
[13:46:48.650] ReinstallHook: OK
[13:46:53.541] KEY vk=0xD (13), modKey=0, capturing=0
[13:46:53.666] ReinstallHook: OK
[13:46:55.810] KEY vk=0xAF (175), modKey=0, capturing=0
[13:46:55.810] -> VOL key, modKey=0, modPressed=1
[13:46:55.810] -> queuing volume change
[13:46:55.810] Worker: volume change
[13:46:55.816] Worker: vol changed to 100% (spotify.exe)
[13:46:58.659] ReinstallHook: OK
[13:47:03.653] ReinstallHook: OK
[13:47:08.652] ReinstallHook: OK
[13:47:13.671] ReinstallHook: OK
[13:47:18.670] ReinstallHook: OK
[13:47:23.511] KEY vk=0x77 (119), modKey=0, capturing=0
[13:47:23.511] -> menuKey matched, toggling menu
[13:47:23.511] Worker: menu toggle
[13:47:23.670] ReinstallHook: OK
[13:47:26.004] KEY vk=0x78 (120), modKey=0, capturing=0
[13:47:26.004] -> infoKey matched, requesting track info
[13:47:26.005] Worker: track info
[13:47:28.678] ReinstallHook: OK
[13:47:34.700] Hook installed OK
[13:47:34.700] WorkerLoop started
[13:47:39.783] ReinstallHook: OK
[13:47:44.802] ReinstallHook: OK
[13:47:49.803] ReinstallHook: OK
[13:47:51.481] KEY vk=0x78 (120), modKey=0, capturing=0
[13:47:51.482] -> infoKey matched, requesting track info
[13:47:51.482] Worker: track info
[13:47:52.149] KEY vk=0x79 (121), modKey=0, capturing=0
[13:47:54.151] KEY vk=0x77 (119), modKey=0, capturing=0
[13:47:54.151] -> menuKey matched, toggling menu
[13:47:54.152] Worker: menu toggle
[13:47:54.804] ReinstallHook: OK
[13:47:54.902] KEY vk=0x77 (119), modKey=0, capturing=0
[13:47:54.902] -> menuKey matched, toggling menu
[13:47:54.902] Worker: menu toggle
[13:47:55.772] KEY vk=0x78 (120), modKey=0, capturing=0
[13:47:55.772] -> infoKey matched, requesting track info
[13:47:55.773] Worker: track info
[13:47:56.106] KEY vk=0x78 (120), modKey=0, capturing=0
[13:47:56.106] -> infoKey matched, requesting track info
[13:47:56.106] Worker: track info
[13:47:56.848] KEY vk=0xAD (173), modKey=0, capturing=0
[13:47:56.848] -> VK_VOLUME_MUTE -> queuing play/pause
[13:47:56.848] Worker: sending play/pause
[13:47:56.850] KEY vk=0xB3 (179), modKey=0, capturing=0
[13:47:57.636] KEY vk=0x78 (120), modKey=0, capturing=0
[13:47:57.636] -> infoKey matched, requesting track info
[13:47:57.636] Worker: track info
[13:47:59.421] KEY vk=0x78 (120), modKey=0, capturing=0
[13:47:59.421] -> infoKey matched, requesting track info
[13:47:59.421] Worker: track info
[13:47:59.782] KEY vk=0x78 (120), modKey=0, capturing=0
[13:47:59.782] -> infoKey matched, requesting track info
[13:47:59.782] Worker: track info
[13:47:59.792] ReinstallHook: OK
[13:47:59.998] KEY vk=0x78 (120), modKey=0, capturing=0
[13:47:59.998] -> infoKey matched, requesting track info
[13:47:59.998] Worker: track info
[13:48:00.200] KEY vk=0x78 (120), modKey=0, capturing=0
[13:48:00.200] -> infoKey matched, requesting track info
[13:48:00.200] Worker: track info
[13:48:00.908] KEY vk=0xAD (173), modKey=0, capturing=0
[13:48:00.908] -> VK_VOLUME_MUTE -> queuing play/pause
[13:48:00.908] Worker: sending play/pause
[13:48:00.908] KEY vk=0xB3 (179), modKey=0, capturing=0
[13:48:01.791] KEY vk=0x78 (120), modKey=0, capturing=0
[13:48:01.791] -> infoKey matched, requesting track info
[13:48:01.791] Worker: track info
[13:48:04.080] KEY vk=0x5B (91), modKey=0, capturing=0
[13:48:04.134] KEY vk=0xA0 (160), modKey=0, capturing=0
[13:48:04.203] KEY vk=0x53 (83), modKey=0, capturing=0
[13:48:04.797] ReinstallHook: OK
[13:48:09.809] ReinstallHook: OK
[13:48:14.421] KEY vk=0xAF (175), modKey=0, capturing=0
[13:48:14.421] -> VOL key, modKey=0, modPressed=1
[13:48:14.421] -> queuing volume change
[13:48:14.421] Worker: volume change
[13:48:14.429] Worker: vol changed to 100% (spotify.exe)
[13:48:14.449] KEY vk=0xAF (175), modKey=0, capturing=0
[13:48:14.449] -> VOL key, modKey=0, modPressed=1
[13:48:14.449] -> queuing volume change
[13:48:14.449] Worker: volume change
[13:48:14.456] Worker: vol changed to 100% (spotify.exe)
[13:48:14.478] KEY vk=0xAF (175), modKey=0, capturing=0
[13:48:14.478] -> VOL key, modKey=0, modPressed=1
[13:48:14.478] -> queuing volume change
[13:48:14.478] Worker: volume change
[13:48:14.484] Worker: vol changed to 100% (spotify.exe)
[13:48:14.508] KEY vk=0xAF (175), modKey=0, capturing=0
[13:48:14.508] -> VOL key, modKey=0, modPressed=1
[13:48:14.508] -> queuing volume change
[13:48:14.508] Worker: volume change
[13:48:14.515] Worker: vol changed to 100% (spotify.exe)
[13:48:14.729] KEY vk=0xAF (175), modKey=0, capturing=0
[13:48:14.729] -> VOL key, modKey=0, modPressed=1
[13:48:14.729] -> queuing volume change
[13:48:14.729] Worker: volume change
[13:48:14.736] Worker: vol changed to 100% (spotify.exe)
[13:48:14.769] KEY vk=0xAF (175), modKey=0, capturing=0
[13:48:14.769] -> VOL key, modKey=0, modPressed=1
[13:48:14.769] -> queuing volume change
[13:48:14.770] Worker: volume change
[13:48:14.776] Worker: vol changed to 100% (spotify.exe)
[13:48:14.826] ReinstallHook: OK
[13:48:15.063] KEY vk=0xAF (175), modKey=0, capturing=0
[13:48:15.063] -> VOL key, modKey=0, modPressed=1
[13:48:15.063] -> queuing volume change
[13:48:15.064] Worker: volume change
[13:48:15.070] Worker: vol changed to 100% (spotify.exe)
[13:48:15.172] KEY vk=0xAF (175), modKey=0, capturing=0
[13:48:15.172] -> VOL key, modKey=0, modPressed=1
[13:48:15.172] -> queuing volume change
[13:48:15.172] Worker: volume change
[13:48:15.178] Worker: vol changed to 100% (spotify.exe)
[13:48:15.213] KEY vk=0xAF (175), modKey=0, capturing=0
[13:48:15.213] -> VOL key, modKey=0, modPressed=1
[13:48:15.214] -> queuing volume change
[13:48:15.214] Worker: volume change
[13:48:15.220] Worker: vol changed to 100% (spotify.exe)
[13:48:15.458] KEY vk=0xAE (174), modKey=0, capturing=0
[13:48:15.458] -> VOL key, modKey=0, modPressed=1
[13:48:15.459] -> queuing volume change
[13:48:15.459] Worker: volume change
[13:48:15.466] Worker: vol changed to 99% (spotify.exe)
[13:48:15.505] KEY vk=0xAE (174), modKey=0, capturing=0
[13:48:15.505] -> VOL key, modKey=0, modPressed=1
[13:48:15.505] -> queuing volume change
[13:48:15.505] Worker: volume change
[13:48:15.512] Worker: vol changed to 98% (spotify.exe)
[13:48:15.545] KEY vk=0xAE (174), modKey=0, capturing=0
[13:48:15.545] -> VOL key, modKey=0, modPressed=1
[13:48:15.545] -> queuing volume change
[13:48:15.545] Worker: volume change
[13:48:15.551] Worker: vol changed to 97% (spotify.exe)
[13:48:15.688] KEY vk=0xAF (175), modKey=0, capturing=0
[13:48:15.688] -> VOL key, modKey=0, modPressed=1
[13:48:15.688] -> queuing volume change
[13:48:15.689] Worker: volume change
[13:48:15.695] Worker: vol changed to 98% (spotify.exe)
[13:48:15.712] KEY vk=0xAF (175), modKey=0, capturing=0
[13:48:15.712] -> VOL key, modKey=0, modPressed=1
[13:48:15.712] -> queuing volume change
[13:48:15.712] Worker: volume change
[13:48:15.718] Worker: vol changed to 99% (spotify.exe)
[13:48:15.733] KEY vk=0xAF (175), modKey=0, capturing=0
[13:48:15.733] -> VOL key, modKey=0, modPressed=1
[13:48:15.733] -> queuing volume change
[13:48:15.733] Worker: volume change
[13:48:15.739] Worker: vol changed to 100% (spotify.exe)
[13:48:15.757] KEY vk=0xAF (175), modKey=0, capturing=0
[13:48:15.757] -> VOL key, modKey=0, modPressed=1
[13:48:15.757] -> queuing volume change
[13:48:15.758] Worker: volume change
[13:48:15.763] Worker: vol changed to 100% (spotify.exe)
[13:48:15.848] KEY vk=0xAE (174), modKey=0, capturing=0
[13:48:15.848] -> VOL key, modKey=0, modPressed=1
[13:48:15.848] -> queuing volume change
[13:48:15.848] Worker: volume change
[13:48:15.855] Worker: vol changed to 99% (spotify.exe)
[13:48:15.874] KEY vk=0xAE (174), modKey=0, capturing=0
[13:48:15.874] -> VOL key, modKey=0, modPressed=1
[13:48:15.874] -> queuing volume change
[13:48:15.874] Worker: volume change
[13:48:15.880] Worker: vol changed to 98% (spotify.exe)
[13:48:15.907] KEY vk=0xAE (174), modKey=0, capturing=0
[13:48:15.907] -> VOL key, modKey=0, modPressed=1
[13:48:15.907] -> queuing volume change
[13:48:15.907] Worker: volume change
[13:48:15.913] Worker: vol changed to 97% (spotify.exe)
[13:48:15.928] KEY vk=0xAE (174), modKey=0, capturing=0
[13:48:15.928] -> VOL key, modKey=0, modPressed=1
[13:48:15.928] -> queuing volume change
[13:48:15.928] Worker: volume change
[13:48:15.934] Worker: vol changed to 96% (spotify.exe)
[13:48:16.040] KEY vk=0xAF (175), modKey=0, capturing=0
[13:48:16.040] -> VOL key, modKey=0, modPressed=1
[13:48:16.040] -> queuing volume change
[13:48:16.040] Worker: volume change
[13:48:16.047] Worker: vol changed to 97% (spotify.exe)
[13:48:16.062] KEY vk=0xAF (175), modKey=0, capturing=0
[13:48:16.062] -> VOL key, modKey=0, modPressed=1
[13:48:16.062] -> queuing volume change
[13:48:16.063] Worker: volume change
[13:48:16.069] Worker: vol changed to 98% (spotify.exe)
[13:48:16.082] KEY vk=0xAF (175), modKey=0, capturing=0
[13:48:16.082] -> VOL key, modKey=0, modPressed=1
[13:48:16.082] -> queuing volume change
[13:48:16.082] Worker: volume change
[13:48:16.089] Worker: vol changed to 99% (spotify.exe)
[13:48:16.103] KEY vk=0xAF (175), modKey=0, capturing=0
[13:48:16.103] -> VOL key, modKey=0, modPressed=1
[13:48:16.103] -> queuing volume change
[13:48:16.103] Worker: volume change
[13:48:16.109] Worker: vol changed to 100% (spotify.exe)
[13:48:17.050] KEY vk=0xAF (175), modKey=0, capturing=0
[13:48:17.050] -> VOL key, modKey=0, modPressed=1
[13:48:17.051] -> queuing volume change
[13:48:17.051] Worker: volume change
[13:48:17.057] Worker: vol changed to 100% (spotify.exe)
[13:48:17.078] KEY vk=0xAF (175), modKey=0, capturing=0
[13:48:17.078] -> VOL key, modKey=0, modPressed=1
[13:48:17.079] -> queuing volume change
[13:48:17.079] Worker: volume change
[13:48:17.084] Worker: vol changed to 100% (spotify.exe)
[13:48:17.098] KEY vk=0xAF (175), modKey=0, capturing=0
[13:48:17.098] -> VOL key, modKey=0, modPressed=1
[13:48:17.098] -> queuing volume change
[13:48:17.098] Worker: volume change
[13:48:17.104] Worker: vol changed to 100% (spotify.exe)
[13:48:17.117] KEY vk=0xAF (175), modKey=0, capturing=0
[13:48:17.118] -> VOL key, modKey=0, modPressed=1
[13:48:17.118] -> queuing volume change
[13:48:17.118] Worker: volume change
[13:48:17.123] Worker: vol changed to 100% (spotify.exe)
[13:48:17.141] KEY vk=0xAF (175), modKey=0, capturing=0
[13:48:17.141] -> VOL key, modKey=0, modPressed=1
[13:48:17.141] -> queuing volume change
[13:48:17.141] Worker: volume change
[13:48:17.146] Worker: vol changed to 100% (spotify.exe)
[13:48:17.672] KEY vk=0xAE (174), modKey=0, capturing=0
[13:48:17.672] -> VOL key, modKey=0, modPressed=1
[13:48:17.672] -> queuing volume change
[13:48:17.673] Worker: volume change
[13:48:17.678] Worker: vol changed to 99% (spotify.exe)
[13:48:17.808] KEY vk=0xAE (174), modKey=0, capturing=0
[13:48:17.808] -> VOL key, modKey=0, modPressed=1
[13:48:17.808] -> queuing volume change
[13:48:17.808] Worker: volume change
[13:48:17.814] Worker: vol changed to 98% (spotify.exe)
[13:48:17.977] KEY vk=0xAE (174), modKey=0, capturing=0
[13:48:17.977] -> VOL key, modKey=0, modPressed=1
[13:48:17.977] -> queuing volume change
[13:48:17.978] Worker: volume change
[13:48:17.984] Worker: vol changed to 97% (spotify.exe)
[13:48:18.046] KEY vk=0xAE (174), modKey=0, capturing=0
[13:48:18.046] -> VOL key, modKey=0, modPressed=1
[13:48:18.046] -> queuing volume change
[13:48:18.046] Worker: volume change
[13:48:18.053] Worker: vol changed to 96% (spotify.exe)
[13:48:18.118] KEY vk=0xAE (174), modKey=0, capturing=0
[13:48:18.118] -> VOL key, modKey=0, modPressed=1
[13:48:18.119] -> queuing volume change
[13:48:18.119] Worker: volume change
[13:48:18.125] Worker: vol changed to 95% (spotify.exe)
[13:48:18.193] KEY vk=0xAE (174), modKey=0, capturing=0
[13:48:18.193] -> VOL key, modKey=0, modPressed=1
[13:48:18.193] -> queuing volume change
[13:48:18.194] Worker: volume change
[13:48:18.200] Worker: vol changed to 94% (spotify.exe)
[13:48:18.261] KEY vk=0xAE (174), modKey=0, capturing=0
[13:48:18.262] -> VOL key, modKey=0, modPressed=1
[13:48:18.262] -> queuing volume change
[13:48:18.262] Worker: volume change
[13:48:18.269] Worker: vol changed to 93% (spotify.exe)
[13:48:18.313] KEY vk=0xAE (174), modKey=0, capturing=0
[13:48:18.314] -> VOL key, modKey=0, modPressed=1
[13:48:18.314] -> queuing volume change
[13:48:18.314] Worker: volume change
[13:48:18.321] Worker: vol changed to 92% (spotify.exe)
[13:48:18.335] KEY vk=0xAE (174), modKey=0, capturing=0
[13:48:18.335] -> VOL key, modKey=0, modPressed=1
[13:48:18.335] -> queuing volume change
[13:48:18.335] Worker: volume change
[13:48:18.341] Worker: vol changed to 91% (spotify.exe)
[13:48:18.363] KEY vk=0xAE (174), modKey=0, capturing=0
[13:48:18.363] -> VOL key, modKey=0, modPressed=1
[13:48:18.363] -> queuing volume change
[13:48:18.363] Worker: volume change
[13:48:18.369] Worker: vol changed to 90% (spotify.exe)
[13:48:18.385] KEY vk=0xAE (174), modKey=0, capturing=0
[13:48:18.385] -> VOL key, modKey=0, modPressed=1
[13:48:18.385] -> queuing volume change
[13:48:18.385] Worker: volume change
[13:48:18.392] Worker: vol changed to 89% (spotify.exe)
[13:48:18.410] KEY vk=0xAE (174), modKey=0, capturing=0
[13:48:18.410] -> VOL key, modKey=0, modPressed=1
[13:48:18.410] -> queuing volume change
[13:48:18.410] Worker: volume change
[13:48:18.416] Worker: vol changed to 88% (spotify.exe)
[13:48:18.441] KEY vk=0xAE (174), modKey=0, capturing=0
[13:48:18.442] -> VOL key, modKey=0, modPressed=1
[13:48:18.442] -> queuing volume change
[13:48:18.442] Worker: volume change
[13:48:18.447] Worker: vol changed to 87% (spotify.exe)
[13:48:18.666] KEY vk=0xAF (175), modKey=0, capturing=0
[13:48:18.666] -> VOL key, modKey=0, modPressed=1
[13:48:18.666] -> queuing volume change
[13:48:18.666] Worker: volume change
[13:48:18.672] Worker: vol changed to 88% (spotify.exe)
[13:48:18.695] KEY vk=0xAF (175), modKey=0, capturing=0
[13:48:18.695] -> VOL key, modKey=0, modPressed=1
[13:48:18.695] -> queuing volume change
[13:48:18.695] Worker: volume change
[13:48:18.701] Worker: vol changed to 89% (spotify.exe)
[13:48:18.717] KEY vk=0xAF (175), modKey=0, capturing=0
[13:48:18.717] -> VOL key, modKey=0, modPressed=1
[13:48:18.717] -> queuing volume change
[13:48:18.718] Worker: volume change
[13:48:18.723] Worker: vol changed to 90% (spotify.exe)
[13:48:18.740] KEY vk=0xAF (175), modKey=0, capturing=0
[13:48:18.740] -> VOL key, modKey=0, modPressed=1
[13:48:18.741] -> queuing volume change
[13:48:18.741] Worker: volume change
[13:48:18.746] Worker: vol changed to 91% (spotify.exe)
[13:48:18.765] KEY vk=0xAF (175), modKey=0, capturing=0
[13:48:18.765] -> VOL key, modKey=0, modPressed=1
[13:48:18.765] -> queuing volume change
[13:48:18.766] Worker: volume change
[13:48:18.772] Worker: vol changed to 92% (spotify.exe)
[13:48:18.789] KEY vk=0xAF (175), modKey=0, capturing=0
[13:48:18.789] -> VOL key, modKey=0, modPressed=1
[13:48:18.789] -> queuing volume change
[13:48:18.789] Worker: volume change
[13:48:18.795] Worker: vol changed to 93% (spotify.exe)
[13:48:18.815] KEY vk=0xAF (175), modKey=0, capturing=0
[13:48:18.815] -> VOL key, modKey=0, modPressed=1
[13:48:18.815] -> queuing volume change
[13:48:18.815] Worker: volume change
[13:48:18.822] Worker: vol changed to 94% (spotify.exe)
[13:48:18.835] KEY vk=0xAF (175), modKey=0, capturing=0
[13:48:18.835] -> VOL key, modKey=0, modPressed=1
[13:48:18.835] -> queuing volume change
[13:48:18.835] Worker: volume change
[13:48:18.842] Worker: vol changed to 95% (spotify.exe)
[13:48:18.855] KEY vk=0xAF (175), modKey=0, capturing=0
[13:48:18.855] -> VOL key, modKey=0, modPressed=1
[13:48:18.855] -> queuing volume change
[13:48:18.855] Worker: volume change
[13:48:18.862] Worker: vol changed to 96% (spotify.exe)
[13:48:18.871] KEY vk=0xAF (175), modKey=0, capturing=0
[13:48:18.871] -> VOL key, modKey=0, modPressed=1
[13:48:18.872] -> queuing volume change
[13:48:18.872] Worker: volume change
[13:48:18.878] Worker: vol changed to 97% (spotify.exe)
[13:48:18.890] KEY vk=0xAF (175), modKey=0, capturing=0
[13:48:18.890] -> VOL key, modKey=0, modPressed=1
[13:48:18.890] -> queuing volume change
[13:48:18.891] Worker: volume change
[13:48:18.896] Worker: vol changed to 98% (spotify.exe)
[13:48:18.913] KEY vk=0xAF (175), modKey=0, capturing=0
[13:48:18.913] -> VOL key, modKey=0, modPressed=1
[13:48:18.913] -> queuing volume change
[13:48:18.913] Worker: volume change
[13:48:18.919] Worker: vol changed to 99% (spotify.exe)
[13:48:18.957] KEY vk=0xAF (175), modKey=0, capturing=0
[13:48:18.957] -> VOL key, modKey=0, modPressed=1
[13:48:18.957] -> queuing volume change
[13:48:18.957] Worker: volume change
[13:48:18.964] Worker: vol changed to 100% (spotify.exe)
[13:48:19.735] KEY vk=0xAE (174), modKey=0, capturing=0
[13:48:19.736] -> VOL key, modKey=0, modPressed=1
[13:48:19.736] -> queuing volume change
[13:48:19.736] Worker: volume change
[13:48:19.743] Worker: vol changed to 99% (spotify.exe)
[13:48:19.767] KEY vk=0xAE (174), modKey=0, capturing=0
[13:48:19.767] -> VOL key, modKey=0, modPressed=1
[13:48:19.767] -> queuing volume change
[13:48:19.767] Worker: volume change
[13:48:19.773] Worker: vol changed to 98% (spotify.exe)
[13:48:19.786] KEY vk=0xAE (174), modKey=0, capturing=0
[13:48:19.786] -> VOL key, modKey=0, modPressed=1
[13:48:19.786] -> queuing volume change
[13:48:19.786] Worker: volume change
[13:48:19.793] Worker: vol changed to 97% (spotify.exe)
[13:48:19.808] KEY vk=0xAE (174), modKey=0, capturing=0
[13:48:19.808] -> VOL key, modKey=0, modPressed=1
[13:48:19.808] -> queuing volume change
[13:48:19.808] Worker: volume change
[13:48:19.815] Worker: vol changed to 96% (spotify.exe)
[13:48:19.827] KEY vk=0xAE (174), modKey=0, capturing=0
[13:48:19.827] -> VOL key, modKey=0, modPressed=1
[13:48:19.827] -> queuing volume change
[13:48:19.827] Worker: volume change
[13:48:19.833] Worker: vol changed to 95% (spotify.exe)
[13:48:19.835] ReinstallHook: OK
[13:48:19.852] KEY vk=0xAE (174), modKey=0, capturing=0
[13:48:19.852] -> VOL key, modKey=0, modPressed=1
[13:48:19.852] -> queuing volume change
[13:48:19.853] Worker: volume change
[13:48:19.858] Worker: vol changed to 94% (spotify.exe)
[13:48:19.868] KEY vk=0xAE (174), modKey=0, capturing=0
[13:48:19.868] -> VOL key, modKey=0, modPressed=1
[13:48:19.868] -> queuing volume change
[13:48:19.869] Worker: volume change
[13:48:19.874] Worker: vol changed to 93% (spotify.exe)
[13:48:19.918] KEY vk=0xAE (174), modKey=0, capturing=0
[13:48:19.918] -> VOL key, modKey=0, modPressed=1
[13:48:19.918] -> queuing volume change
[13:48:19.918] Worker: volume change
[13:48:19.924] Worker: vol changed to 92% (spotify.exe)
[13:48:20.238] KEY vk=0xAF (175), modKey=0, capturing=0
[13:48:20.238] -> VOL key, modKey=0, modPressed=1
[13:48:20.238] -> queuing volume change
[13:48:20.238] Worker: volume change
[13:48:20.246] Worker: vol changed to 93% (spotify.exe)
[13:48:20.265] KEY vk=0xAF (175), modKey=0, capturing=0
[13:48:20.265] -> VOL key, modKey=0, modPressed=1
[13:48:20.265] -> queuing volume change
[13:48:20.265] Worker: volume change
[13:48:20.271] Worker: vol changed to 94% (spotify.exe)
[13:48:20.282] KEY vk=0xAF (175), modKey=0, capturing=0
[13:48:20.282] -> VOL key, modKey=0, modPressed=1
[13:48:20.282] -> queuing volume change
[13:48:20.282] Worker: volume change
[13:48:20.288] Worker: vol changed to 95% (spotify.exe)
[13:48:20.301] KEY vk=0xAF (175), modKey=0, capturing=0
[13:48:20.301] -> VOL key, modKey=0, modPressed=1
[13:48:20.301] -> queuing volume change
[13:48:20.302] Worker: volume change
[13:48:20.307] Worker: vol changed to 96% (spotify.exe)
[13:48:20.317] KEY vk=0xAF (175), modKey=0, capturing=0
[13:48:20.317] -> VOL key, modKey=0, modPressed=1
[13:48:20.317] -> queuing volume change
[13:48:20.317] Worker: volume change
[13:48:20.323] Worker: vol changed to 97% (spotify.exe)
[13:48:20.337] KEY vk=0xAF (175), modKey=0, capturing=0
[13:48:20.337] -> VOL key, modKey=0, modPressed=1
[13:48:20.337] -> queuing volume change
[13:48:20.337] Worker: volume change
[13:48:20.343] Worker: vol changed to 98% (spotify.exe)
[13:48:20.356] KEY vk=0xAF (175), modKey=0, capturing=0
[13:48:20.356] -> VOL key, modKey=0, modPressed=1
[13:48:20.356] -> queuing volume change
[13:48:20.356] Worker: volume change
[13:48:20.362] Worker: vol changed to 99% (spotify.exe)
[13:48:20.376] KEY vk=0xAF (175), modKey=0, capturing=0
[13:48:20.376] -> VOL key, modKey=0, modPressed=1
[13:48:20.376] -> queuing volume change
[13:48:20.376] Worker: volume change
[13:48:20.382] Worker: vol changed to 100% (spotify.exe)
[13:48:20.393] KEY vk=0xAF (175), modKey=0, capturing=0
[13:48:20.393] -> VOL key, modKey=0, modPressed=1
[13:48:20.393] -> queuing volume change
[13:48:20.393] Worker: volume change
[13:48:20.399] Worker: vol changed to 100% (spotify.exe)
[13:48:20.412] KEY vk=0xAF (175), modKey=0, capturing=0
[13:48:20.412] -> VOL key, modKey=0, modPressed=1
[13:48:20.412] -> queuing volume change
[13:48:20.412] Worker: volume change
[13:48:20.417] Worker: vol changed to 100% (spotify.exe)
[13:48:20.435] KEY vk=0xAF (175), modKey=0, capturing=0
[13:48:20.435] -> VOL key, modKey=0, modPressed=1
[13:48:20.435] -> queuing volume change
[13:48:20.435] Worker: volume change
[13:48:20.441] Worker: vol changed to 100% (spotify.exe)
[13:48:20.460] KEY vk=0xAF (175), modKey=0, capturing=0
[13:48:20.460] -> VOL key, modKey=0, modPressed=1
[13:48:20.460] -> queuing volume change
[13:48:20.460] Worker: volume change
[13:48:20.465] Worker: vol changed to 100% (spotify.exe)
[13:48:20.621] KEY vk=0xAE (174), modKey=0, capturing=0
[13:48:20.621] -> VOL key, modKey=0, modPressed=1
[13:48:20.622] -> queuing volume change
[13:48:20.622] Worker: volume change
[13:48:20.628] Worker: vol changed to 99% (spotify.exe)
[13:48:20.671] KEY vk=0xAE (174), modKey=0, capturing=0
[13:48:20.672] -> VOL key, modKey=0, modPressed=1
[13:48:20.672] -> queuing volume change
[13:48:20.672] Worker: volume change
[13:48:20.678] Worker: vol changed to 98% (spotify.exe)
[13:48:20.706] KEY vk=0xAE (174), modKey=0, capturing=0
[13:48:20.706] -> VOL key, modKey=0, modPressed=1
[13:48:20.706] -> queuing volume change
[13:48:20.706] Worker: volume change
[13:48:20.712] Worker: vol changed to 97% (spotify.exe)
[13:48:20.759] KEY vk=0xAE (174), modKey=0, capturing=0
[13:48:20.759] -> VOL key, modKey=0, modPressed=1
[13:48:20.759] -> queuing volume change
[13:48:20.759] Worker: volume change
[13:48:20.766] Worker: vol changed to 96% (spotify.exe)
[13:48:20.795] KEY vk=0xAE (174), modKey=0, capturing=0
[13:48:20.795] -> VOL key, modKey=0, modPressed=1
[13:48:20.795] -> queuing volume change
[13:48:20.796] Worker: volume change
[13:48:20.801] Worker: vol changed to 95% (spotify.exe)
[13:48:20.841] KEY vk=0xAE (174), modKey=0, capturing=0
[13:48:20.842] -> VOL key, modKey=0, modPressed=1
[13:48:20.842] -> queuing volume change
[13:48:20.842] Worker: volume change
[13:48:20.848] Worker: vol changed to 94% (spotify.exe)
[13:48:20.885] KEY vk=0xAE (174), modKey=0, capturing=0
[13:48:20.885] -> VOL key, modKey=0, modPressed=1
[13:48:20.886] -> queuing volume change
[13:48:20.886] Worker: volume change
[13:48:20.892] Worker: vol changed to 93% (spotify.exe)
[13:48:21.142] KEY vk=0xAE (174), modKey=0, capturing=0
[13:48:21.142] -> VOL key, modKey=0, modPressed=1
[13:48:21.142] -> queuing volume change
[13:48:21.142] Worker: volume change
[13:48:21.149] Worker: vol changed to 92% (spotify.exe)
[13:48:21.192] KEY vk=0xAE (174), modKey=0, capturing=0
[13:48:21.192] -> VOL key, modKey=0, modPressed=1
[13:48:21.192] -> queuing volume change
[13:48:21.193] Worker: volume change
[13:48:21.198] Worker: vol changed to 91% (spotify.exe)
[13:48:21.266] KEY vk=0xAE (174), modKey=0, capturing=0
[13:48:21.266] -> VOL key, modKey=0, modPressed=1
[13:48:21.266] -> queuing volume change
[13:48:21.266] Worker: volume change
[13:48:21.272] Worker: vol changed to 90% (spotify.exe)
[13:48:21.310] KEY vk=0xAE (174), modKey=0, capturing=0
[13:48:21.310] -> VOL key, modKey=0, modPressed=1
[13:48:21.310] -> queuing volume change
[13:48:21.310] Worker: volume change
[13:48:21.316] Worker: vol changed to 89% (spotify.exe)
[13:48:21.595] KEY vk=0xAE (174), modKey=0, capturing=0
[13:48:21.595] -> VOL key, modKey=0, modPressed=1
[13:48:21.595] -> queuing volume change
[13:48:21.595] Worker: volume change
[13:48:21.602] Worker: vol changed to 88% (spotify.exe)
[13:48:21.626] KEY vk=0xAE (174), modKey=0, capturing=0
[13:48:21.626] -> VOL key, modKey=0, modPressed=1
[13:48:21.626] -> queuing volume change
[13:48:21.626] Worker: volume change
[13:48:21.632] Worker: vol changed to 87% (spotify.exe)
[13:48:21.653] KEY vk=0xAE (174), modKey=0, capturing=0
[13:48:21.653] -> VOL key, modKey=0, modPressed=1
[13:48:21.653] -> queuing volume change
[13:48:21.653] Worker: volume change
[13:48:21.659] Worker: vol changed to 86% (spotify.exe)
[13:48:21.671] KEY vk=0xAE (174), modKey=0, capturing=0
[13:48:21.671] -> VOL key, modKey=0, modPressed=1
[13:48:21.671] -> queuing volume change
[13:48:21.672] Worker: volume change
[13:48:21.677] Worker: vol changed to 85% (spotify.exe)
[13:48:22.773] KEY vk=0xAF (175), modKey=0, capturing=0
[13:48:22.773] -> VOL key, modKey=0, modPressed=1
[13:48:22.773] -> queuing volume change
[13:48:22.774] Worker: volume change
[13:48:22.780] Worker: vol changed to 86% (spotify.exe)
[13:48:22.800] KEY vk=0xAF (175), modKey=0, capturing=0
[13:48:22.800] -> VOL key, modKey=0, modPressed=1
[13:48:22.800] -> queuing volume change
[13:48:22.800] Worker: volume change
[13:48:22.806] Worker: vol changed to 87% (spotify.exe)
[13:48:22.823] KEY vk=0xAF (175), modKey=0, capturing=0
[13:48:22.823] -> VOL key, modKey=0, modPressed=1
[13:48:22.823] -> queuing volume change
[13:48:22.823] Worker: volume change
[13:48:22.830] Worker: vol changed to 88% (spotify.exe)
[13:48:22.843] KEY vk=0xAF (175), modKey=0, capturing=0
[13:48:22.843] -> VOL key, modKey=0, modPressed=1
[13:48:22.843] -> queuing volume change
[13:48:22.843] Worker: volume change
[13:48:22.849] Worker: vol changed to 89% (spotify.exe)
[13:48:22.864] KEY vk=0xAF (175), modKey=0, capturing=0
[13:48:22.864] -> VOL key, modKey=0, modPressed=1
[13:48:22.865] -> queuing volume change
[13:48:22.865] Worker: volume change
[13:48:22.870] Worker: vol changed to 90% (spotify.exe)
[13:48:22.883] KEY vk=0xAF (175), modKey=0, capturing=0
[13:48:22.883] -> VOL key, modKey=0, modPressed=1
[13:48:22.883] -> queuing volume change
[13:48:22.884] Worker: volume change
[13:48:22.889] Worker: vol changed to 91% (spotify.exe)
[13:48:22.902] KEY vk=0xAF (175), modKey=0, capturing=0
[13:48:22.902] -> VOL key, modKey=0, modPressed=1
[13:48:22.902] -> queuing volume change
[13:48:22.903] Worker: volume change
[13:48:22.908] Worker: vol changed to 92% (spotify.exe)
[13:48:22.918] KEY vk=0xAF (175), modKey=0, capturing=0
[13:48:22.918] -> VOL key, modKey=0, modPressed=1
[13:48:22.918] -> queuing volume change
[13:48:22.918] Worker: volume change
[13:48:22.923] Worker: vol changed to 93% (spotify.exe)
[13:48:22.933] KEY vk=0xAF (175), modKey=0, capturing=0
[13:48:22.933] -> VOL key, modKey=0, modPressed=1
[13:48:22.933] -> queuing volume change
[13:48:22.933] Worker: volume change
[13:48:22.939] Worker: vol changed to 94% (spotify.exe)
[13:48:22.951] KEY vk=0xAF (175), modKey=0, capturing=0
[13:48:22.951] -> VOL key, modKey=0, modPressed=1
[13:48:22.951] -> queuing volume change
[13:48:22.951] Worker: volume change
[13:48:22.958] Worker: vol changed to 95% (spotify.exe)
[13:48:22.968] KEY vk=0xAF (175), modKey=0, capturing=0
[13:48:22.968] -> VOL key, modKey=0, modPressed=1
[13:48:22.968] -> queuing volume change
[13:48:22.969] Worker: volume change
[13:48:22.974] Worker: vol changed to 96% (spotify.exe)
[13:48:22.989] KEY vk=0xAF (175), modKey=0, capturing=0
[13:48:22.989] -> VOL key, modKey=0, modPressed=1
[13:48:22.989] -> queuing volume change
[13:48:22.990] Worker: volume change
[13:48:22.995] Worker: vol changed to 97% (spotify.exe)
[13:48:23.013] KEY vk=0xAF (175), modKey=0, capturing=0
[13:48:23.013] -> VOL key, modKey=0, modPressed=1
[13:48:23.013] -> queuing volume change
[13:48:23.013] Worker: volume change
[13:48:23.019] Worker: vol changed to 98% (spotify.exe)
[13:48:23.050] KEY vk=0xAF (175), modKey=0, capturing=0
[13:48:23.050] -> VOL key, modKey=0, modPressed=1
[13:48:23.050] -> queuing volume change
[13:48:23.051] Worker: volume change
[13:48:23.057] Worker: vol changed to 99% (spotify.exe)
[13:48:23.214] KEY vk=0xAE (174), modKey=0, capturing=0
[13:48:23.214] -> VOL key, modKey=0, modPressed=1
[13:48:23.215] -> queuing volume change
[13:48:23.215] Worker: volume change
[13:48:23.221] Worker: vol changed to 98% (spotify.exe)
[13:48:23.250] KEY vk=0xAE (174), modKey=0, capturing=0
[13:48:23.251] -> VOL key, modKey=0, modPressed=1
[13:48:23.251] -> queuing volume change
[13:48:23.251] Worker: volume change
[13:48:23.257] Worker: vol changed to 97% (spotify.exe)
[13:48:23.290] KEY vk=0xAE (174), modKey=0, capturing=0
[13:48:23.290] -> VOL key, modKey=0, modPressed=1
[13:48:23.290] -> queuing volume change
[13:48:23.291] Worker: volume change
[13:48:23.298] Worker: vol changed to 96% (spotify.exe)
[13:48:23.324] KEY vk=0xAE (174), modKey=0, capturing=0
[13:48:23.324] -> VOL key, modKey=0, modPressed=1
[13:48:23.324] -> queuing volume change
[13:48:23.324] Worker: volume change
[13:48:23.331] Worker: vol changed to 95% (spotify.exe)
[13:48:23.364] KEY vk=0xAE (174), modKey=0, capturing=0
[13:48:23.364] -> VOL key, modKey=0, modPressed=1
[13:48:23.364] -> queuing volume change
[13:48:23.365] Worker: volume change
[13:48:23.370] Worker: vol changed to 94% (spotify.exe)
[13:48:23.399] KEY vk=0xAE (174), modKey=0, capturing=0
[13:48:23.399] -> VOL key, modKey=0, modPressed=1
[13:48:23.399] -> queuing volume change
[13:48:23.399] Worker: volume change
[13:48:23.406] Worker: vol changed to 93% (spotify.exe)
[13:48:23.439] KEY vk=0xAE (174), modKey=0, capturing=0
[13:48:23.439] -> VOL key, modKey=0, modPressed=1
[13:48:23.439] -> queuing volume change
[13:48:23.439] Worker: volume change
[13:48:23.446] Worker: vol changed to 92% (spotify.exe)
[13:48:23.476] KEY vk=0xAE (174), modKey=0, capturing=0
[13:48:23.476] -> VOL key, modKey=0, modPressed=1
[13:48:23.476] -> queuing volume change
[13:48:23.476] Worker: volume change
[13:48:23.482] Worker: vol changed to 91% (spotify.exe)
[13:48:23.910] KEY vk=0xAF (175), modKey=0, capturing=0
[13:48:23.910] -> VOL key, modKey=0, modPressed=1
[13:48:23.910] -> queuing volume change
[13:48:23.910] Worker: volume change
[13:48:23.917] Worker: vol changed to 92% (spotify.exe)
[13:48:24.824] ReinstallHook: OK
[13:48:25.314] KEY vk=0xAF (175), modKey=0, capturing=0
[13:48:25.314] -> VOL key, modKey=0, modPressed=1
[13:48:25.315] -> queuing volume change
[13:48:25.315] Worker: volume change
[13:48:25.321] Worker: vol changed to 93% (spotify.exe)
[13:48:25.360] KEY vk=0xAF (175), modKey=0, capturing=0
[13:48:25.360] -> VOL key, modKey=0, modPressed=1
[13:48:25.360] -> queuing volume change
[13:48:25.361] Worker: volume change
[13:48:25.367] Worker: vol changed to 94% (spotify.exe)
[13:48:25.396] KEY vk=0xAF (175), modKey=0, capturing=0
[13:48:25.396] -> VOL key, modKey=0, modPressed=1
[13:48:25.396] -> queuing volume change
[13:48:25.396] Worker: volume change
[13:48:25.403] Worker: vol changed to 95% (spotify.exe)
[13:48:25.442] KEY vk=0xAF (175), modKey=0, capturing=0
[13:48:25.442] -> VOL key, modKey=0, modPressed=1
[13:48:25.442] -> queuing volume change
[13:48:25.442] Worker: volume change
[13:48:25.449] Worker: vol changed to 96% (spotify.exe)
[13:48:28.520] KEY vk=0x78 (120), modKey=0, capturing=0
[13:48:28.520] -> infoKey matched, requesting track info
[13:48:28.520] Worker: track info
[13:48:28.808] KEY vk=0x5B (91), modKey=0, capturing=0
[13:48:28.852] KEY vk=0xA0 (160), modKey=0, capturing=0
[13:48:28.906] KEY vk=0x53 (83), modKey=0, capturing=0
[13:48:29.825] ReinstallHook: OK
[13:48:32.024] KEY vk=0xA2 (162), modKey=0, capturing=0
[13:48:32.113] KEY vk=0x56 (86), modKey=0, capturing=0
[13:48:32.427] KEY vk=0xA0 (160), modKey=0, capturing=0
[13:48:32.962] KEY vk=0x4E (78), modKey=0, capturing=0
[13:48:33.104] KEY vk=0x53 (83), modKey=0, capturing=0
[13:48:33.208] KEY vk=0x20 (32), modKey=0, capturing=0
[13:48:33.335] KEY vk=0x56 (86), modKey=0, capturing=0
[13:48:33.375] KEY vk=0x4A (74), modKey=0, capturing=0
[13:48:33.651] KEY vk=0xBA (186), modKey=0, capturing=0
[13:48:33.733] KEY vk=0x54 (84), modKey=0, capturing=0
[13:48:33.903] KEY vk=0x49 (73), modKey=0, capturing=0
[13:48:34.118] KEY vk=0x4D (77), modKey=0, capturing=0
[13:48:34.217] KEY vk=0x20 (32), modKey=0, capturing=0
[13:48:34.346] KEY vk=0x47 (71), modKey=0, capturing=0
[13:48:34.408] KEY vk=0x4A (74), modKey=0, capturing=0
[13:48:34.675] KEY vk=0x56 (86), modKey=0, capturing=0
[13:48:34.837] ReinstallHook: OK
[13:48:34.905] KEY vk=0x54 (84), modKey=0, capturing=0
[13:48:35.090] KEY vk=0x43 (67), modKey=0, capturing=0
[13:48:35.155] KEY vk=0x4E (78), modKey=0, capturing=0
[13:48:35.298] KEY vk=0x42 (66), modKey=0, capturing=0
[13:48:35.333] KEY vk=0x4E (78), modKey=0, capturing=0
[13:48:35.531] KEY vk=0x4D (77), modKey=0, capturing=0
[13:48:35.606] KEY vk=0x20 (32), modKey=0, capturing=0
[13:48:36.802] KEY vk=0xDE (222), modKey=0, capturing=0
[13:48:37.153] KEY vk=0x4E (78), modKey=0, capturing=0
[13:48:37.260] KEY vk=0x4A (74), modKey=0, capturing=0
[13:48:37.404] KEY vk=0x20 (32), modKey=0, capturing=0
[13:48:37.547] KEY vk=0x44 (68), modKey=0, capturing=0
[13:48:37.720] KEY vk=0x43 (67), modKey=0, capturing=0
[13:48:37.851] KEY vk=0x47 (71), modKey=0, capturing=0
[13:48:38.027] KEY vk=0x4B (75), modKey=0, capturing=0
[13:48:38.211] KEY vk=0x44 (68), modKey=0, capturing=0
[13:48:38.678] KEY vk=0x8 (8), modKey=0, capturing=0
[13:48:38.765] KEY vk=0x53 (83), modKey=0, capturing=0
[13:48:39.024] KEY vk=0x44 (68), modKey=0, capturing=0
[13:48:39.116] KEY vk=0x46 (70), modKey=0, capturing=0
[13:48:39.272] KEY vk=0xBE (190), modKey=0, capturing=0
[13:48:39.595] KEY vk=0x4F (79), modKey=0, capturing=0
[13:48:39.736] KEY vk=0x54 (84), modKey=0, capturing=0
[13:48:39.831] ReinstallHook: OK
[13:48:39.886] KEY vk=0x54 (84), modKey=0, capturing=0
[13:48:39.967] KEY vk=0x20 (32), modKey=0, capturing=0
[13:48:40.072] KEY vk=0x4A (74), modKey=0, capturing=0
[13:48:40.243] KEY vk=0x52 (82), modKey=0, capturing=0
[13:48:40.502] KEY vk=0x59 (89), modKey=0, capturing=0
[13:48:40.730] KEY vk=0x4A (74), modKey=0, capturing=0
[13:48:40.844] KEY vk=0x20 (32), modKey=0, capturing=0
[13:48:42.443] KEY vk=0xAE (174), modKey=0, capturing=0
[13:48:42.443] -> VOL key, modKey=0, modPressed=1
[13:48:42.444] -> queuing volume change
[13:48:42.444] Worker: volume change
[13:48:42.451] Worker: vol changed to 95% (spotify.exe)
[13:48:42.542] KEY vk=0xAE (174), modKey=0, capturing=0
[13:48:42.542] -> VOL key, modKey=0, modPressed=1
[13:48:42.542] -> queuing volume change
[13:48:42.542] Worker: volume change
[13:48:42.548] Worker: vol changed to 94% (spotify.exe)
[13:48:42.587] KEY vk=0xAE (174), modKey=0, capturing=0
[13:48:42.587] -> VOL key, modKey=0, modPressed=1
[13:48:42.587] -> queuing volume change
[13:48:42.587] Worker: volume change
[13:48:42.593] Worker: vol changed to 93% (spotify.exe)
[13:48:42.630] KEY vk=0xAE (174), modKey=0, capturing=0
[13:48:42.630] -> VOL key, modKey=0, modPressed=1
[13:48:42.630] -> queuing volume change
[13:48:42.631] Worker: volume change
[13:48:42.637] Worker: vol changed to 92% (spotify.exe)
[13:48:42.768] KEY vk=0xAE (174), modKey=0, capturing=0
[13:48:42.768] -> VOL key, modKey=0, modPressed=1
[13:48:42.768] -> queuing volume change
[13:48:42.768] Worker: volume change
[13:48:42.774] Worker: vol changed to 91% (spotify.exe)
[13:48:42.820] KEY vk=0xAE (174), modKey=0, capturing=0
[13:48:42.820] -> VOL key, modKey=0, modPressed=1
[13:48:42.820] -> queuing volume change
[13:48:42.820] Worker: volume change
[13:48:42.826] Worker: vol changed to 90% (spotify.exe)
[13:48:42.850] KEY vk=0xAE (174), modKey=0, capturing=0
[13:48:42.850] -> VOL key, modKey=0, modPressed=1
[13:48:42.850] -> queuing volume change
[13:48:42.850] Worker: volume change
[13:48:42.856] Worker: vol changed to 89% (spotify.exe)
[13:48:42.916] KEY vk=0xAE (174), modKey=0, capturing=0
[13:48:42.916] -> VOL key, modKey=0, modPressed=1
[13:48:42.916] -> queuing volume change
[13:48:42.916] Worker: volume change
[13:48:42.922] Worker: vol changed to 88% (spotify.exe)
[13:48:43.136] KEY vk=0xAF (175), modKey=0, capturing=0
[13:48:43.136] -> VOL key, modKey=0, modPressed=1
[13:48:43.136] -> queuing volume change
[13:48:43.136] Worker: volume change
[13:48:43.142] Worker: vol changed to 89% (spotify.exe)
[13:48:43.183] KEY vk=0xAF (175), modKey=0, capturing=0
[13:48:43.183] -> VOL key, modKey=0, modPressed=1
[13:48:43.184] -> queuing volume change
[13:48:43.184] Worker: volume change
[13:48:43.191] Worker: vol changed to 90% (spotify.exe)
[13:48:43.304] KEY vk=0xAF (175), modKey=0, capturing=0
[13:48:43.304] -> VOL key, modKey=0, modPressed=1
[13:48:43.304] -> queuing volume change
[13:48:43.304] Worker: volume change
[13:48:43.311] Worker: vol changed to 91% (spotify.exe)
[13:48:43.371] KEY vk=0xAF (175), modKey=0, capturing=0
[13:48:43.371] -> VOL key, modKey=0, modPressed=1
[13:48:43.371] -> queuing volume change
[13:48:43.371] Worker: volume change
[13:48:43.376] Worker: vol changed to 92% (spotify.exe)
[13:48:43.421] KEY vk=0xAF (175), modKey=0, capturing=0
[13:48:43.421] -> VOL key, modKey=0, modPressed=1
[13:48:43.421] -> queuing volume change
[13:48:43.422] Worker: volume change
[13:48:43.428] Worker: vol changed to 93% (spotify.exe)
[13:48:43.462] KEY vk=0xAF (175), modKey=0, capturing=0
[13:48:43.462] -> VOL key, modKey=0, modPressed=1
[13:48:43.462] -> queuing volume change
[13:48:43.462] Worker: volume change
[13:48:43.469] Worker: vol changed to 94% (spotify.exe)
[13:48:43.498] KEY vk=0xAF (175), modKey=0, capturing=0
[13:48:43.498] -> VOL key, modKey=0, modPressed=1
[13:48:43.498] -> queuing volume change
[13:48:43.498] Worker: volume change
[13:48:43.504] Worker: vol changed to 95% (spotify.exe)
[13:48:43.534] KEY vk=0xAF (175), modKey=0, capturing=0
[13:48:43.534] -> VOL key, modKey=0, modPressed=1
[13:48:43.534] -> queuing volume change
[13:48:43.534] Worker: volume change
[13:48:43.541] Worker: vol changed to 96% (spotify.exe)
[13:48:43.583] KEY vk=0xAF (175), modKey=0, capturing=0
[13:48:43.583] -> VOL key, modKey=0, modPressed=1
[13:48:43.583] -> queuing volume change
[13:48:43.583] Worker: volume change
[13:48:43.589] Worker: vol changed to 97% (spotify.exe)
[13:48:43.666] KEY vk=0xAF (175), modKey=0, capturing=0
[13:48:43.666] -> VOL key, modKey=0, modPressed=1
[13:48:43.666] -> queuing volume change
[13:48:43.666] Worker: volume change
[13:48:43.672] Worker: vol changed to 98% (spotify.exe)
[13:48:44.038] KEY vk=0xAF (175), modKey=0, capturing=0
[13:48:44.038] -> VOL key, modKey=0, modPressed=1
[13:48:44.038] -> queuing volume change
[13:48:44.038] Worker: volume change
[13:48:44.047] Worker: vol changed to 99% (spotify.exe)
[13:48:44.084] KEY vk=0xAF (175), modKey=0, capturing=0
[13:48:44.084] -> VOL key, modKey=0, modPressed=1
[13:48:44.084] -> queuing volume change
[13:48:44.084] Worker: volume change
[13:48:44.090] Worker: vol changed to 100% (spotify.exe)
[13:48:44.108] KEY vk=0xAF (175), modKey=0, capturing=0
[13:48:44.108] -> VOL key, modKey=0, modPressed=1
[13:48:44.108] -> queuing volume change
[13:48:44.108] Worker: volume change
[13:48:44.114] Worker: vol changed to 100% (spotify.exe)
[13:48:44.126] KEY vk=0xAF (175), modKey=0, capturing=0
[13:48:44.126] -> VOL key, modKey=0, modPressed=1
[13:48:44.126] -> queuing volume change
[13:48:44.127] Worker: volume change
[13:48:44.133] Worker: vol changed to 100% (spotify.exe)
[13:48:44.146] KEY vk=0xAF (175), modKey=0, capturing=0
[13:48:44.146] -> VOL key, modKey=0, modPressed=1
[13:48:44.146] -> queuing volume change
[13:48:44.146] Worker: volume change
[13:48:44.152] Worker: vol changed to 100% (spotify.exe)
[13:48:44.166] KEY vk=0xAF (175), modKey=0, capturing=0
[13:48:44.166] -> VOL key, modKey=0, modPressed=1
[13:48:44.166] -> queuing volume change
[13:48:44.166] Worker: volume change
[13:48:44.172] Worker: vol changed to 100% (spotify.exe)
[13:48:44.182] KEY vk=0xAF (175), modKey=0, capturing=0
[13:48:44.182] -> VOL key, modKey=0, modPressed=1
[13:48:44.182] -> queuing volume change
[13:48:44.182] Worker: volume change
[13:48:44.188] Worker: vol changed to 100% (spotify.exe)
[13:48:44.204] KEY vk=0xAF (175), modKey=0, capturing=0
[13:48:44.204] -> VOL key, modKey=0, modPressed=1
[13:48:44.205] -> queuing volume change
[13:48:44.205] Worker: volume change
[13:48:44.211] Worker: vol changed to 100% (spotify.exe)
[13:48:44.232] KEY vk=0xAF (175), modKey=0, capturing=0
[13:48:44.232] -> VOL key, modKey=0, modPressed=1
[13:48:44.233] -> queuing volume change
[13:48:44.233] Worker: volume change
[13:48:44.239] Worker: vol changed to 100% (spotify.exe)
[13:48:44.359] KEY vk=0xAE (174), modKey=0, capturing=0
[13:48:44.359] -> VOL key, modKey=0, modPressed=1
[13:48:44.359] -> queuing volume change
[13:48:44.359] Worker: volume change
[13:48:44.366] Worker: vol changed to 99% (spotify.exe)
[13:48:44.397] KEY vk=0xAE (174), modKey=0, capturing=0
[13:48:44.397] -> VOL key, modKey=0, modPressed=1
[13:48:44.397] -> queuing volume change
[13:48:44.397] Worker: volume change
[13:48:44.402] Worker: vol changed to 98% (spotify.exe)
[13:48:44.440] KEY vk=0xAE (174), modKey=0, capturing=0
[13:48:44.440] -> VOL key, modKey=0, modPressed=1
[13:48:44.440] -> queuing volume change
[13:48:44.440] Worker: volume change
[13:48:44.446] Worker: vol changed to 97% (spotify.exe)
[13:48:44.487] KEY vk=0xAE (174), modKey=0, capturing=0
[13:48:44.487] -> VOL key, modKey=0, modPressed=1
[13:48:44.487] -> queuing volume change
[13:48:44.487] Worker: volume change
[13:48:44.494] Worker: vol changed to 96% (spotify.exe)
[13:48:44.580] KEY vk=0xAE (174), modKey=0, capturing=0
[13:48:44.580] -> VOL key, modKey=0, modPressed=1
[13:48:44.580] -> queuing volume change
[13:48:44.580] Worker: volume change
[13:48:44.586] Worker: vol changed to 95% (spotify.exe)
[13:48:44.830] ReinstallHook: OK
[13:48:44.916] KEY vk=0xAE (174), modKey=0, capturing=0
[13:48:44.916] -> VOL key, modKey=0, modPressed=1
[13:48:44.916] -> queuing volume change
[13:48:44.916] Worker: volume change
[13:48:44.922] Worker: vol changed to 94% (spotify.exe)
[13:48:44.973] KEY vk=0xAE (174), modKey=0, capturing=0
[13:48:44.973] -> VOL key, modKey=0, modPressed=1
[13:48:44.973] -> queuing volume change
[13:48:44.973] Worker: volume change
[13:48:44.980] Worker: vol changed to 93% (spotify.exe)
[13:48:45.734] KEY vk=0xAF (175), modKey=0, capturing=0
[13:48:45.734] -> VOL key, modKey=0, modPressed=1
[13:48:45.734] -> queuing volume change
[13:48:45.734] Worker: volume change
[13:48:45.742] Worker: vol changed to 94% (spotify.exe)
[13:48:45.797] KEY vk=0xAF (175), modKey=0, capturing=0
[13:48:45.797] -> VOL key, modKey=0, modPressed=1
[13:48:45.797] -> queuing volume change
[13:48:45.797] Worker: volume change
[13:48:45.803] Worker: vol changed to 95% (spotify.exe)
[13:48:46.388] KEY vk=0xAE (174), modKey=0, capturing=0
[13:48:46.388] -> VOL key, modKey=0, modPressed=1
[13:48:46.388] -> queuing volume change
[13:48:46.388] Worker: volume change
[13:48:46.395] Worker: vol changed to 94% (spotify.exe)
[13:48:46.770] KEY vk=0xAF (175), modKey=0, capturing=0
[13:48:46.770] -> VOL key, modKey=0, modPressed=1
[13:48:46.770] -> queuing volume change
[13:48:46.770] Worker: volume change
[13:48:46.777] Worker: vol changed to 95% (spotify.exe)
[13:48:46.844] KEY vk=0xAF (175), modKey=0, capturing=0
[13:48:46.844] -> VOL key, modKey=0, modPressed=1
[13:48:46.844] -> queuing volume change
[13:48:46.845] Worker: volume change
[13:48:46.851] Worker: vol changed to 96% (spotify.exe)
[13:48:46.958] KEY vk=0xAF (175), modKey=0, capturing=0
[13:48:46.958] -> VOL key, modKey=0, modPressed=1
[13:48:46.958] -> queuing volume change
[13:48:46.958] Worker: volume change
[13:48:46.964] Worker: vol changed to 97% (spotify.exe)
[13:48:47.005] KEY vk=0xAF (175), modKey=0, capturing=0
[13:48:47.005] -> VOL key, modKey=0, modPressed=1
[13:48:47.005] -> queuing volume change
[13:48:47.005] Worker: volume change
[13:48:47.012] Worker: vol changed to 98% (spotify.exe)
[13:48:47.066] KEY vk=0xAF (175), modKey=0, capturing=0
[13:48:47.066] -> VOL key, modKey=0, modPressed=1
[13:48:47.066] -> queuing volume change
[13:48:47.066] Worker: volume change
[13:48:47.073] Worker: vol changed to 99% (spotify.exe)
[13:48:47.250] KEY vk=0xAF (175), modKey=0, capturing=0
[13:48:47.250] -> VOL key, modKey=0, modPressed=1
[13:48:47.250] -> queuing volume change
[13:48:47.251] Worker: volume change
[13:48:47.257] Worker: vol changed to 100% (spotify.exe)
[13:48:47.541] KEY vk=0xAF (175), modKey=0, capturing=0
[13:48:47.541] -> VOL key, modKey=0, modPressed=1
[13:48:47.541] -> queuing volume change
[13:48:47.541] Worker: volume change
[13:48:47.548] Worker: vol changed to 100% (spotify.exe)
[13:48:48.060] KEY vk=0xAF (175), modKey=0, capturing=0
[13:48:48.060] -> VOL key, modKey=0, modPressed=1
[13:48:48.060] -> queuing volume change
[13:48:48.060] Worker: volume change
[13:48:48.067] Worker: vol changed to 100% (spotify.exe)
[13:48:49.829] ReinstallHook: OK
[13:48:50.212] KEY vk=0xAF (175), modKey=0, capturing=0
[13:48:50.212] -> VOL key, modKey=0, modPressed=1
[13:48:50.212] -> queuing volume change
[13:48:50.212] Worker: volume change
[13:48:50.219] Worker: vol changed to 100% (spotify.exe)
[13:48:50.232] KEY vk=0xAF (175), modKey=0, capturing=0
[13:48:50.232] -> VOL key, modKey=0, modPressed=1
[13:48:50.232] -> queuing volume change
[13:48:50.232] Worker: volume change
[13:48:50.238] Worker: vol changed to 100% (spotify.exe)
[13:48:50.263] KEY vk=0xAF (175), modKey=0, capturing=0
[13:48:50.263] -> VOL key, modKey=0, modPressed=1
[13:48:50.263] -> queuing volume change
[13:48:50.263] Worker: volume change
[13:48:50.269] Worker: vol changed to 100% (spotify.exe)
[13:48:50.411] KEY vk=0xAF (175), modKey=0, capturing=0
[13:48:50.411] -> VOL key, modKey=0, modPressed=1
[13:48:50.411] -> queuing volume change
[13:48:50.412] Worker: volume change
[13:48:50.418] Worker: vol changed to 100% (spotify.exe)
[13:48:50.609] KEY vk=0xAF (175), modKey=0, capturing=0
[13:48:50.609] -> VOL key, modKey=0, modPressed=1
[13:48:50.609] -> queuing volume change
[13:48:50.609] Worker: volume change
[13:48:50.616] Worker: vol changed to 100% (spotify.exe)
[13:48:51.873] KEY vk=0xAF (175), modKey=0, capturing=0
[13:48:51.873] -> VOL key, modKey=0, modPressed=1
[13:48:51.873] -> queuing volume change
[13:48:51.873] Worker: volume change
[13:48:51.880] Worker: vol changed to 100% (spotify.exe)
[13:48:51.891] KEY vk=0xAF (175), modKey=0, capturing=0
[13:48:51.891] -> VOL key, modKey=0, modPressed=1
[13:48:51.891] -> queuing volume change
[13:48:51.891] Worker: volume change
[13:48:51.898] Worker: vol changed to 100% (spotify.exe)
[13:48:51.910] KEY vk=0xAF (175), modKey=0, capturing=0
[13:48:51.910] -> VOL key, modKey=0, modPressed=1
[13:48:51.910] -> queuing volume change
[13:48:51.910] Worker: volume change
[13:48:51.916] Worker: vol changed to 100% (spotify.exe)
[13:48:51.930] KEY vk=0xAF (175), modKey=0, capturing=0
[13:48:51.930] -> VOL key, modKey=0, modPressed=1
[13:48:51.930] -> queuing volume change
[13:48:51.930] Worker: volume change
[13:48:51.936] Worker: vol changed to 100% (spotify.exe)
[13:48:51.980] KEY vk=0xAF (175), modKey=0, capturing=0
[13:48:51.980] -> VOL key, modKey=0, modPressed=1
[13:48:51.980] -> queuing volume change
[13:48:51.980] Worker: volume change
[13:48:51.987] Worker: vol changed to 100% (spotify.exe)
[13:48:52.170] KEY vk=0xAE (174), modKey=0, capturing=0
[13:48:52.171] -> VOL key, modKey=0, modPressed=1
[13:48:52.171] -> queuing volume change
[13:48:52.171] Worker: volume change
[13:48:52.177] Worker: vol changed to 99% (spotify.exe)
[13:48:52.244] KEY vk=0xAE (174), modKey=0, capturing=0
[13:48:52.244] -> VOL key, modKey=0, modPressed=1
[13:48:52.244] -> queuing volume change
[13:48:52.244] Worker: volume change
[13:48:52.251] Worker: vol changed to 98% (spotify.exe)
[13:48:52.311] KEY vk=0xAE (174), modKey=0, capturing=0
[13:48:52.311] -> VOL key, modKey=0, modPressed=1
[13:48:52.312] -> queuing volume change
[13:48:52.312] Worker: volume change
[13:48:52.319] Worker: vol changed to 97% (spotify.exe)
[13:48:52.349] KEY vk=0xAE (174), modKey=0, capturing=0
[13:48:52.349] -> VOL key, modKey=0, modPressed=1
[13:48:52.349] -> queuing volume change
[13:48:52.350] Worker: volume change
[13:48:52.355] Worker: vol changed to 96% (spotify.exe)
[13:48:52.394] KEY vk=0xAE (174), modKey=0, capturing=0
[13:48:52.394] -> VOL key, modKey=0, modPressed=1
[13:48:52.394] -> queuing volume change
[13:48:52.394] Worker: volume change
[13:48:52.401] Worker: vol changed to 95% (spotify.exe)
[13:48:52.424] KEY vk=0xAE (174), modKey=0, capturing=0
[13:48:52.424] -> VOL key, modKey=0, modPressed=1
[13:48:52.424] -> queuing volume change
[13:48:52.424] Worker: volume change
[13:48:52.430] Worker: vol changed to 94% (spotify.exe)
[13:48:52.460] KEY vk=0xAE (174), modKey=0, capturing=0
[13:48:52.460] -> VOL key, modKey=0, modPressed=1
[13:48:52.460] -> queuing volume change
[13:48:52.460] Worker: volume change
[13:48:52.466] Worker: vol changed to 93% (spotify.exe)
[13:48:52.479] KEY vk=0xAE (174), modKey=0, capturing=0
[13:48:52.479] -> VOL key, modKey=0, modPressed=1
[13:48:52.479] -> queuing volume change
[13:48:52.479] Worker: volume change
[13:48:52.484] Worker: vol changed to 92% (spotify.exe)
[13:48:52.502] KEY vk=0xAE (174), modKey=0, capturing=0
[13:48:52.502] -> VOL key, modKey=0, modPressed=1
[13:48:52.502] -> queuing volume change
[13:48:52.503] Worker: volume change
[13:48:52.508] Worker: vol changed to 91% (spotify.exe)
[13:48:52.520] KEY vk=0xAE (174), modKey=0, capturing=0
[13:48:52.520] -> VOL key, modKey=0, modPressed=1
[13:48:52.520] -> queuing volume change
[13:48:52.520] Worker: volume change
[13:48:52.526] Worker: vol changed to 90% (spotify.exe)
[13:48:52.562] KEY vk=0xAE (174), modKey=0, capturing=0
[13:48:52.562] -> VOL key, modKey=0, modPressed=1
[13:48:52.562] -> queuing volume change
[13:48:52.562] Worker: volume change
[13:48:52.567] Worker: vol changed to 89% (spotify.exe)
[13:48:52.624] KEY vk=0xAF (175), modKey=0, capturing=0
[13:48:52.624] -> VOL key, modKey=0, modPressed=1
[13:48:52.624] -> queuing volume change
[13:48:52.624] Worker: volume change
[13:48:52.631] Worker: vol changed to 90% (spotify.exe)
[13:48:52.666] KEY vk=0xAF (175), modKey=0, capturing=0
[13:48:52.666] -> VOL key, modKey=0, modPressed=1
[13:48:52.666] -> queuing volume change
[13:48:52.666] Worker: volume change
[13:48:52.672] Worker: vol changed to 91% (spotify.exe)
[13:48:52.689] KEY vk=0xAF (175), modKey=0, capturing=0
[13:48:52.689] -> VOL key, modKey=0, modPressed=1
[13:48:52.689] -> queuing volume change
[13:48:52.689] Worker: volume change
[13:48:52.695] Worker: vol changed to 92% (spotify.exe)
[13:48:52.708] KEY vk=0xAF (175), modKey=0, capturing=0
[13:48:52.709] -> VOL key, modKey=0, modPressed=1
[13:48:52.709] -> queuing volume change
[13:48:52.709] Worker: volume change
[13:48:52.715] Worker: vol changed to 93% (spotify.exe)
[13:48:52.726] KEY vk=0xAF (175), modKey=0, capturing=0
[13:48:52.726] -> VOL key, modKey=0, modPressed=1
[13:48:52.726] -> queuing volume change
[13:48:52.727] Worker: volume change
[13:48:52.734] Worker: vol changed to 94% (spotify.exe)
[13:48:52.746] KEY vk=0xAF (175), modKey=0, capturing=0
[13:48:52.746] -> VOL key, modKey=0, modPressed=1
[13:48:52.746] -> queuing volume change
[13:48:52.746] Worker: volume change
[13:48:52.752] Worker: vol changed to 95% (spotify.exe)
[13:48:52.767] KEY vk=0xAF (175), modKey=0, capturing=0
[13:48:52.767] -> VOL key, modKey=0, modPressed=1
[13:48:52.767] -> queuing volume change
[13:48:52.767] Worker: volume change
[13:48:52.773] Worker: vol changed to 96% (spotify.exe)
[13:48:52.789] KEY vk=0xAF (175), modKey=0, capturing=0
[13:48:52.789] -> VOL key, modKey=0, modPressed=1
[13:48:52.789] -> queuing volume change
[13:48:52.789] Worker: volume change
[13:48:52.795] Worker: vol changed to 97% (spotify.exe)
[13:48:52.810] KEY vk=0xAF (175), modKey=0, capturing=0
[13:48:52.810] -> VOL key, modKey=0, modPressed=1
[13:48:52.811] -> queuing volume change
[13:48:52.811] Worker: volume change
[13:48:52.817] Worker: vol changed to 98% (spotify.exe)
[13:48:52.842] KEY vk=0xAF (175), modKey=0, capturing=0
[13:48:52.842] -> VOL key, modKey=0, modPressed=1
[13:48:52.842] -> queuing volume change
[13:48:52.842] Worker: volume change
[13:48:52.848] Worker: vol changed to 99% (spotify.exe)
[13:48:52.949] KEY vk=0xAF (175), modKey=0, capturing=0
[13:48:52.949] -> VOL key, modKey=0, modPressed=1
[13:48:52.949] -> queuing volume change
[13:48:52.949] Worker: volume change
[13:48:52.955] Worker: vol changed to 100% (spotify.exe)
[13:48:53.328] KEY vk=0x5B (91), modKey=0, capturing=0
[13:48:53.400] KEY vk=0xA0 (160), modKey=0, capturing=0
[13:48:53.474] KEY vk=0x53 (83), modKey=0, capturing=0
[13:48:54.825] ReinstallHook: OK
[13:48:56.986] KEY vk=0xA2 (162), modKey=0, capturing=0
[13:48:57.095] KEY vk=0x56 (86), modKey=0, capturing=0
[13:48:57.528] KEY vk=0x4E (78), modKey=0, capturing=0
[13:48:57.663] KEY vk=0x45 (69), modKey=0, capturing=0
[13:48:57.765] KEY vk=0x20 (32), modKey=0, capturing=0
[13:48:57.871] KEY vk=0x4C (76), modKey=0, capturing=0
[13:48:57.961] KEY vk=0x46 (70), modKey=0, capturing=0
[13:48:59.826] ReinstallHook: OK
[13:49:00.450] KEY vk=0x43 (67), modKey=0, capturing=0
[13:49:00.591] KEY vk=0x20 (32), modKey=0, capturing=0
[13:49:01.563] KEY vk=0x42 (66), modKey=0, capturing=0
[13:49:01.612] KEY vk=0x55 (85), modKey=0, capturing=0
[13:49:01.764] KEY vk=0x48 (72), modKey=0, capturing=0
[13:49:01.862] KEY vk=0x46 (70), modKey=0, capturing=0
[13:49:02.075] KEY vk=0xBE (190), modKey=0, capturing=0
[13:49:02.607] KEY vk=0x4F (79), modKey=0, capturing=0
[13:49:02.685] KEY vk=0x42 (66), modKey=0, capturing=0
[13:49:03.319] KEY vk=0x56 (86), modKey=0, capturing=0
[13:49:03.509] KEY vk=0x20 (32), modKey=0, capturing=0
[13:49:03.709] KEY vk=0x4E (78), modKey=0, capturing=0
[13:49:03.885] KEY vk=0x48 (72), modKey=0, capturing=0
[13:49:03.952] KEY vk=0x54 (84), modKey=0, capturing=0
[13:49:04.086] KEY vk=0x52 (82), modKey=0, capturing=0
[13:49:04.451] KEY vk=0x4A (74), modKey=0, capturing=0
[13:49:04.830] ReinstallHook: OK
[13:49:05.230] KEY vk=0x56 (86), modKey=0, capturing=0
[13:49:05.613] KEY vk=0x8 (8), modKey=0, capturing=0
[13:49:06.120] KEY vk=0x8 (8), modKey=0, capturing=0
[13:49:06.151] KEY vk=0x8 (8), modKey=0, capturing=0
[13:49:06.182] KEY vk=0x8 (8), modKey=0, capturing=0
[13:49:06.213] KEY vk=0x8 (8), modKey=0, capturing=0
[13:49:06.261] KEY vk=0x8 (8), modKey=0, capturing=0
[13:49:06.292] KEY vk=0x8 (8), modKey=0, capturing=0
[13:49:06.323] KEY vk=0x8 (8), modKey=0, capturing=0
[13:49:06.354] KEY vk=0x8 (8), modKey=0, capturing=0
[13:49:06.386] KEY vk=0x8 (8), modKey=0, capturing=0
[13:49:06.417] KEY vk=0x8 (8), modKey=0, capturing=0
[13:49:06.447] KEY vk=0x8 (8), modKey=0, capturing=0
[13:49:06.478] KEY vk=0x8 (8), modKey=0, capturing=0
[13:49:06.524] KEY vk=0x8 (8), modKey=0, capturing=0
[13:49:06.555] KEY vk=0x8 (8), modKey=0, capturing=0
[13:49:06.586] KEY vk=0x8 (8), modKey=0, capturing=0
[13:49:06.617] KEY vk=0x8 (8), modKey=0, capturing=0
[13:49:07.508] KEY vk=0x26 (38), modKey=0, capturing=0
[13:49:07.638] KEY vk=0x26 (38), modKey=0, capturing=0
[13:49:07.776] KEY vk=0x26 (38), modKey=0, capturing=0
[13:49:07.924] KEY vk=0x26 (38), modKey=0, capturing=0
[13:49:09.253] KEY vk=0x27 (39), modKey=0, capturing=0
[13:49:09.766] KEY vk=0x27 (39), modKey=0, capturing=0
[13:49:09.797] KEY vk=0x27 (39), modKey=0, capturing=0
[13:49:09.828] KEY vk=0x27 (39), modKey=0, capturing=0
[13:49:09.828] ReinstallHook: OK
[13:49:09.859] KEY vk=0x27 (39), modKey=0, capturing=0
[13:49:09.889] KEY vk=0x27 (39), modKey=0, capturing=0
[13:49:09.920] KEY vk=0x27 (39), modKey=0, capturing=0
[13:49:09.967] KEY vk=0x27 (39), modKey=0, capturing=0
[13:49:09.997] KEY vk=0x27 (39), modKey=0, capturing=0
[13:49:10.029] KEY vk=0x27 (39), modKey=0, capturing=0
[13:49:10.060] KEY vk=0x27 (39), modKey=0, capturing=0
[13:49:10.091] KEY vk=0x27 (39), modKey=0, capturing=0
[13:49:10.121] KEY vk=0x27 (39), modKey=0, capturing=0
[13:49:10.153] KEY vk=0x27 (39), modKey=0, capturing=0
[13:49:10.183] KEY vk=0x27 (39), modKey=0, capturing=0
[13:49:10.230] KEY vk=0x27 (39), modKey=0, capturing=0
[13:49:10.260] KEY vk=0x27 (39), modKey=0, capturing=0
[13:49:10.291] KEY vk=0x27 (39), modKey=0, capturing=0
[13:49:10.321] KEY vk=0x27 (39), modKey=0, capturing=0
[13:49:10.352] KEY vk=0x27 (39), modKey=0, capturing=0
[13:49:10.384] KEY vk=0x27 (39), modKey=0, capturing=0
[13:49:10.415] KEY vk=0x27 (39), modKey=0, capturing=0
[13:49:10.461] KEY vk=0x27 (39), modKey=0, capturing=0
[13:49:10.492] KEY vk=0x27 (39), modKey=0, capturing=0
[13:49:10.523] KEY vk=0x27 (39), modKey=0, capturing=0
[13:49:10.554] KEY vk=0x27 (39), modKey=0, capturing=0
[13:49:10.585] KEY vk=0x27 (39), modKey=0, capturing=0
[13:49:10.617] KEY vk=0x27 (39), modKey=0, capturing=0
[13:49:10.648] KEY vk=0x27 (39), modKey=0, capturing=0
[13:49:10.680] KEY vk=0x27 (39), modKey=0, capturing=0
[13:49:10.710] KEY vk=0x27 (39), modKey=0, capturing=0
[13:49:10.757] KEY vk=0x27 (39), modKey=0, capturing=0
[13:49:10.789] KEY vk=0x27 (39), modKey=0, capturing=0
[13:49:10.819] KEY vk=0x27 (39), modKey=0, capturing=0
[13:49:10.850] KEY vk=0x27 (39), modKey=0, capturing=0
[13:49:10.881] KEY vk=0x27 (39), modKey=0, capturing=0
[13:49:10.912] KEY vk=0x27 (39), modKey=0, capturing=0
[13:49:10.944] KEY vk=0x27 (39), modKey=0, capturing=0
[13:49:10.975] KEY vk=0x27 (39), modKey=0, capturing=0
[13:49:11.324] KEY vk=0x27 (39), modKey=0, capturing=0
[13:49:11.858] KEY vk=0x20 (32), modKey=0, capturing=0
[13:49:12.063] KEY vk=0x43 (67), modKey=0, capturing=0
[13:49:12.212] KEY vk=0x20 (32), modKey=0, capturing=0
[13:49:12.425] KEY vk=0x42 (66), modKey=0, capturing=0
[13:49:12.486] KEY vk=0x55 (85), modKey=0, capturing=0
[13:49:12.641] KEY vk=0x48 (72), modKey=0, capturing=0
[13:49:12.708] KEY vk=0x46 (70), modKey=0, capturing=0
[13:49:12.995] KEY vk=0xBE (190), modKey=0, capturing=0
[13:49:13.185] KEY vk=0x4F (79), modKey=0, capturing=0
[13:49:13.273] KEY vk=0x54 (84), modKey=0, capturing=0
[13:49:13.846] KEY vk=0x8 (8), modKey=0, capturing=0
[13:49:13.896] KEY vk=0x42 (66), modKey=0, capturing=0
[13:49:14.117] KEY vk=0x56 (86), modKey=0, capturing=0
[13:49:14.834] ReinstallHook: OK
[13:49:14.980] KEY vk=0x20 (32), modKey=0, capturing=0
[13:49:15.185] KEY vk=0x4E (78), modKey=0, capturing=0
[13:49:15.359] KEY vk=0x48 (72), modKey=0, capturing=0
[13:49:15.426] KEY vk=0x54 (84), modKey=0, capturing=0
[13:49:15.566] KEY vk=0x52 (82), modKey=0, capturing=0
[13:49:15.626] KEY vk=0x4A (74), modKey=0, capturing=0
[13:49:15.809] KEY vk=0x56 (86), modKey=0, capturing=0
[13:49:17.522] KEY vk=0x23 (35), modKey=0, capturing=0
[13:49:17.801] KEY vk=0x8 (8), modKey=0, capturing=0
[13:49:17.955] KEY vk=0x8 (8), modKey=0, capturing=0
[13:49:18.095] KEY vk=0x8 (8), modKey=0, capturing=0
[13:49:18.390] KEY vk=0x4C (76), modKey=0, capturing=0
[13:49:18.413] KEY vk=0x4B (75), modKey=0, capturing=0
[13:49:18.860] KEY vk=0x8 (8), modKey=0, capturing=0
[13:49:19.129] KEY vk=0x8 (8), modKey=0, capturing=0
[13:49:19.351] KEY vk=0x46 (70), modKey=0, capturing=0
[13:49:19.830] ReinstallHook: OK
[13:49:19.928] KEY vk=0x8 (8), modKey=0, capturing=0
[13:49:20.059] KEY vk=0x4C (76), modKey=0, capturing=0
[13:49:20.247] KEY vk=0x46 (70), modKey=0, capturing=0
[13:49:20.377] KEY vk=0x20 (32), modKey=0, capturing=0
[13:49:20.508] KEY vk=0xBA (186), modKey=0, capturing=0
[13:49:20.643] KEY vk=0x54 (84), modKey=0, capturing=0
[13:49:20.800] KEY vk=0xA0 (160), modKey=0, capturing=0
[13:49:20.937] KEY vk=0x20 (32), modKey=0, capturing=0
[13:49:21.335] KEY vk=0x8 (8), modKey=0, capturing=0
[13:49:21.569] KEY vk=0xA0 (160), modKey=0, capturing=0
[13:49:21.680] KEY vk=0xBF (191), modKey=0, capturing=0
[13:49:22.546] KEY vk=0x20 (32), modKey=0, capturing=0
[13:49:22.902] KEY vk=0x55 (85), modKey=0, capturing=0
[13:49:23.172] KEY vk=0x4C (76), modKey=0, capturing=0
[13:49:23.284] KEY vk=0x54 (84), modKey=0, capturing=0
[13:49:23.361] KEY vk=0x20 (32), modKey=0, capturing=0
[13:49:23.541] KEY vk=0x42 (66), modKey=0, capturing=0
[13:49:23.604] KEY vk=0x20 (32), modKey=0, capturing=0
[13:49:24.831] ReinstallHook: OK
[13:49:24.964] KEY vk=0x4A (74), modKey=0, capturing=0
[13:49:25.284] KEY vk=0x52 (82), modKey=0, capturing=0
[13:49:25.368] KEY vk=0x59 (89), modKey=0, capturing=0
[13:49:25.586] KEY vk=0x4A (74), modKey=0, capturing=0
[13:49:25.705] KEY vk=0x20 (32), modKey=0, capturing=0
[13:49:25.936] KEY vk=0x43 (67), modKey=0, capturing=0
[13:49:26.047] KEY vk=0x20 (32), modKey=0, capturing=0
[13:49:26.433] KEY vk=0x55 (85), modKey=0, capturing=0
[13:49:26.650] KEY vk=0x48 (72), modKey=0, capturing=0
[13:49:26.819] KEY vk=0x4A (74), modKey=0, capturing=0
[13:49:26.976] KEY vk=0x56 (86), modKey=0, capturing=0
[13:49:27.196] KEY vk=0x52 (82), modKey=0, capturing=0
[13:49:27.257] KEY vk=0x4A (74), modKey=0, capturing=0
[13:49:27.472] KEY vk=0x43 (67), modKey=0, capturing=0
[13:49:27.552] KEY vk=0x4E (78), modKey=0, capturing=0
[13:49:27.748] KEY vk=0x4D (77), modKey=0, capturing=0
[13:49:27.980] KEY vk=0xBE (190), modKey=0, capturing=0
[13:49:28.137] KEY vk=0xA0 (160), modKey=0, capturing=0
[13:49:28.246] KEY vk=0x37 (55), modKey=0, capturing=0
[13:49:29.168] KEY vk=0xD (13), modKey=0, capturing=0
[13:49:29.827] ReinstallHook: OK
[13:49:34.341] KEY vk=0xA0 (160), modKey=0, capturing=0
[13:49:34.358] KEY vk=0xA4 (164), modKey=0, capturing=0
[13:49:34.790] KEY vk=0xA0 (160), modKey=0, capturing=0
[13:49:34.827] KEY vk=0xA4 (164), modKey=0, capturing=0
[13:49:34.828] ReinstallHook: OK
[13:49:35.060] KEY vk=0xA0 (160), modKey=0, capturing=0
[13:49:35.233] KEY vk=0x4D (77), modKey=0, capturing=0
[13:49:35.433] KEY vk=0x59 (89), modKey=0, capturing=0
[13:49:35.514] KEY vk=0x20 (32), modKey=0, capturing=0
[13:49:35.706] KEY vk=0x42 (66), modKey=0, capturing=0
[13:49:35.799] KEY vk=0x49 (73), modKey=0, capturing=0
[13:49:35.926] KEY vk=0x42 (66), modKey=0, capturing=0
[13:49:36.013] KEY vk=0x49 (73), modKey=0, capturing=0
[13:49:36.537] KEY vk=0x49 (73), modKey=0, capturing=0
[13:49:36.568] KEY vk=0x49 (73), modKey=0, capturing=0
[13:49:36.599] KEY vk=0x49 (73), modKey=0, capturing=0
[13:49:36.645] KEY vk=0x49 (73), modKey=0, capturing=0
[13:49:36.677] KEY vk=0x49 (73), modKey=0, capturing=0
[13:49:36.860] KEY vk=0xD (13), modKey=0, capturing=0
[13:49:39.825] ReinstallHook: OK
[13:49:44.835] ReinstallHook: OK
[13:49:47.779] Hook installed OK
[13:49:47.779] WorkerLoop started
[13:49:52.844] ReinstallHook: OK
[13:49:57.865] ReinstallHook: OK
[13:49:58.584] KEY vk=0x78 (120), modKey=0, capturing=0
[13:49:58.584] -> infoKey matched, requesting track info
[13:49:58.584] Worker: track info
[13:50:01.935] KEY vk=0xAE (174), modKey=0, capturing=0
[13:50:01.935] -> VOL key, modKey=0, modPressed=1
[13:50:01.935] -> queuing volume change
[13:50:01.935] Worker: volume change
[13:50:01.943] Worker: vol changed to 99% (spotify.exe)
[13:50:01.983] KEY vk=0xAE (174), modKey=0, capturing=0
[13:50:01.983] -> VOL key, modKey=0, modPressed=1
[13:50:01.983] -> queuing volume change
[13:50:01.983] Worker: volume change
[13:50:01.989] Worker: vol changed to 98% (spotify.exe)
[13:50:02.141] KEY vk=0xAE (174), modKey=0, capturing=0
[13:50:02.141] -> VOL key, modKey=0, modPressed=1
[13:50:02.141] -> queuing volume change
[13:50:02.141] Worker: volume change
[13:50:02.147] Worker: vol changed to 97% (spotify.exe)
[13:50:02.318] KEY vk=0xAF (175), modKey=0, capturing=0
[13:50:02.318] -> VOL key, modKey=0, modPressed=1
[13:50:02.319] -> queuing volume change
[13:50:02.319] Worker: volume change
[13:50:02.325] Worker: vol changed to 98% (spotify.exe)
[13:50:02.346] KEY vk=0xAF (175), modKey=0, capturing=0
[13:50:02.346] -> VOL key, modKey=0, modPressed=1
[13:50:02.346] -> queuing volume change
[13:50:02.346] Worker: volume change
[13:50:02.354] Worker: vol changed to 99% (spotify.exe)
[13:50:02.376] KEY vk=0xAF (175), modKey=0, capturing=0
[13:50:02.376] -> VOL key, modKey=0, modPressed=1
[13:50:02.376] -> queuing volume change
[13:50:02.376] Worker: volume change
[13:50:02.382] Worker: vol changed to 100% (spotify.exe)
[13:50:02.452] KEY vk=0xAF (175), modKey=0, capturing=0
[13:50:02.452] -> VOL key, modKey=0, modPressed=1
[13:50:02.452] -> queuing volume change
[13:50:02.452] Worker: volume change
[13:50:02.458] Worker: vol changed to 100% (spotify.exe)
[13:50:02.512] KEY vk=0xAF (175), modKey=0, capturing=0
[13:50:02.512] -> VOL key, modKey=0, modPressed=1
[13:50:02.512] -> queuing volume change
[13:50:02.512] Worker: volume change
[13:50:02.519] Worker: vol changed to 100% (spotify.exe)
[13:50:02.866] ReinstallHook: OK
[13:50:07.875] ReinstallHook: OK
[13:50:12.868] ReinstallHook: OK
[13:50:17.871] ReinstallHook: OK
[13:50:22.880] ReinstallHook: OK
[13:50:27.874] ReinstallHook: OK
[13:50:32.873] ReinstallHook: OK
[13:50:37.870] ReinstallHook: OK
[13:50:42.168] KEY vk=0x14 (20), modKey=0, capturing=0
[13:50:42.172] KEY vk=0xA0 (160), modKey=0, capturing=0
[13:50:42.717] KEY vk=0x8 (8), modKey=0, capturing=0
[13:50:42.852] KEY vk=0x8 (8), modKey=0, capturing=0
[13:50:42.870] ReinstallHook: OK
[13:50:43.168] KEY vk=0xA0 (160), modKey=0, capturing=0
[13:50:43.176] KEY vk=0xA4 (164), modKey=0, capturing=0
[13:50:43.350] KEY vk=0xA0 (160), modKey=0, capturing=0
[13:50:43.392] KEY vk=0xA4 (164), modKey=0, capturing=0
[13:50:43.596] KEY vk=0x14 (20), modKey=0, capturing=0
[13:50:43.896] KEY vk=0xA0 (160), modKey=0, capturing=0
[13:50:43.936] KEY vk=0xA4 (164), modKey=0, capturing=0
[13:50:44.560] KEY vk=0xA0 (160), modKey=0, capturing=0
[13:50:44.616] KEY vk=0xA4 (164), modKey=0, capturing=0
[13:50:45.042] KEY vk=0xA4 (164), modKey=0, capturing=0
[13:50:45.430] KEY vk=0xA4 (164), modKey=0, capturing=0
[13:50:46.068] KEY vk=0x45 (69), modKey=0, capturing=0
[13:50:46.296] KEY vk=0x20 (32), modKey=0, capturing=0
[13:50:46.557] KEY vk=0x59 (89), modKey=0, capturing=0
[13:50:46.695] KEY vk=0x46 (70), modKey=0, capturing=0
[13:50:46.925] KEY vk=0x43 (67), modKey=0, capturing=0
[13:50:47.062] KEY vk=0x20 (32), modKey=0, capturing=0
[13:50:47.189] KEY vk=0x43 (67), modKey=0, capturing=0
[13:50:47.377] KEY vk=0x54 (84), modKey=0, capturing=0
[13:50:47.531] KEY vk=0x51 (81), modKey=0, capturing=0
[13:50:47.759] KEY vk=0x58 (88), modKey=0, capturing=0
[13:50:47.869] ReinstallHook: OK
[13:50:47.928] KEY vk=0x46 (70), modKey=0, capturing=0
[13:50:48.105] KEY vk=0x43 (67), modKey=0, capturing=0
[13:50:48.193] KEY vk=0x20 (32), modKey=0, capturing=0
[13:50:48.319] KEY vk=0x44 (68), modKey=0, capturing=0
[13:50:48.473] KEY vk=0x43 (67), modKey=0, capturing=0
[13:50:48.732] KEY vk=0xC0 (192), modKey=0, capturing=0
[13:50:48.823] KEY vk=0x20 (32), modKey=0, capturing=0
[13:50:49.028] KEY vk=0x54 (84), modKey=0, capturing=0
[13:50:49.135] KEY vk=0x4F (79), modKey=0, capturing=0
[13:50:49.213] KEY vk=0x54 (84), modKey=0, capturing=0
[13:50:49.287] KEY vk=0x20 (32), modKey=0, capturing=0
[13:50:49.977] KEY vk=0x43 (67), modKey=0, capturing=0
[13:50:50.003] KEY vk=0x4A (74), modKey=0, capturing=0
[13:50:50.221] KEY vk=0xBC (188), modKey=0, capturing=0
[13:50:50.280] KEY vk=0x42 (66), modKey=0, capturing=0
[13:50:50.430] KEY vk=0x48 (72), modKey=0, capturing=0
[13:50:50.501] KEY vk=0x46 (70), modKey=0, capturing=0
[13:50:50.787] KEY vk=0x54 (84), modKey=0, capturing=0
[13:50:50.894] KEY vk=0x4E (78), modKey=0, capturing=0
[13:50:51.032] KEY vk=0x43 (67), modKey=0, capturing=0
[13:50:51.211] KEY vk=0x5A (90), modKey=0, capturing=0
[13:50:51.292] KEY vk=0x20 (32), modKey=0, capturing=0
[13:50:51.434] KEY vk=0x4C (76), modKey=0, capturing=0
[13:50:51.506] KEY vk=0x54 (84), modKey=0, capturing=0
[13:50:51.694] KEY vk=0xBC (188), modKey=0, capturing=0
[13:50:51.924] KEY vk=0x46 (70), modKey=0, capturing=0
[13:50:52.348] KEY vk=0x55 (85), modKey=0, capturing=0
[13:50:52.491] KEY vk=0x20 (32), modKey=0, capturing=0
[13:50:52.878] ReinstallHook: OK
[13:50:52.892] KEY vk=0xDB (219), modKey=0, capturing=0
[13:50:52.991] KEY vk=0x45 (69), modKey=0, capturing=0
[13:50:53.114] KEY vk=0x52 (82), modKey=0, capturing=0
[13:50:53.298] KEY vk=0x46 (70), modKey=0, capturing=0
[13:50:53.388] KEY vk=0xA0 (160), modKey=0, capturing=0
[13:50:53.452] KEY vk=0x37 (55), modKey=0, capturing=0
[13:50:54.058] KEY vk=0x20 (32), modKey=0, capturing=0
[13:50:54.171] KEY vk=0xA0 (160), modKey=0, capturing=0
[13:50:54.280] KEY vk=0x4A (74), modKey=0, capturing=0
[13:50:54.482] KEY vk=0x4E (78), modKey=0, capturing=0
[13:50:54.613] KEY vk=0x52 (82), modKey=0, capturing=0
[13:50:54.726] KEY vk=0x4B (75), modKey=0, capturing=0
[13:50:54.955] KEY vk=0xBE (190), modKey=0, capturing=0
[13:50:55.015] KEY vk=0x58 (88), modKey=0, capturing=0
[13:50:55.254] KEY vk=0x42 (66), modKey=0, capturing=0
[13:50:55.337] KEY vk=0x20 (32), modKey=0, capturing=0
[13:50:55.649] KEY vk=0xDE (222), modKey=0, capturing=0
[13:50:56.008] KEY vk=0x4E (78), modKey=0, capturing=0
[13:50:56.108] KEY vk=0x4A (74), modKey=0, capturing=0
[13:50:56.294] KEY vk=0x20 (32), modKey=0, capturing=0
[13:50:56.576] KEY vk=0x54 (84), modKey=0, capturing=0
[13:50:56.772] KEY vk=0x43 (67), modKey=0, capturing=0
[13:50:56.863] KEY vk=0x4B (75), modKey=0, capturing=0
[13:50:56.968] KEY vk=0x42 (66), modKey=0, capturing=0
[13:50:57.038] KEY vk=0x20 (32), modKey=0, capturing=0
[13:50:57.283] KEY vk=0x59 (89), modKey=0, capturing=0
[13:50:57.349] KEY vk=0x46 (70), modKey=0, capturing=0
[13:50:57.553] KEY vk=0x56 (86), modKey=0, capturing=0
[13:50:57.615] KEY vk=0x20 (32), modKey=0, capturing=0
[13:50:57.843] KEY vk=0xDE (222), modKey=0, capturing=0
[13:50:57.869] ReinstallHook: OK
[13:50:58.089] KEY vk=0x4E (78), modKey=0, capturing=0
[13:50:58.153] KEY vk=0x4A (74), modKey=0, capturing=0
[13:50:58.267] KEY vk=0x20 (32), modKey=0, capturing=0
[13:50:58.390] KEY vk=0x45 (69), modKey=0, capturing=0
[13:50:58.533] KEY vk=0xBA (186), modKey=0, capturing=0
[13:50:58.619] KEY vk=0x54 (84), modKey=0, capturing=0
[13:50:58.710] KEY vk=0x20 (32), modKey=0, capturing=0
[13:50:58.833] KEY vk=0x59 (89), modKey=0, capturing=0
[13:50:58.902] KEY vk=0x54 (84), modKey=0, capturing=0
[13:50:58.982] KEY vk=0x20 (32), modKey=0, capturing=0
[13:50:59.072] KEY vk=0x59 (89), modKey=0, capturing=0
[13:50:59.199] KEY vk=0x45 (69), modKey=0, capturing=0
[13:50:59.469] KEY vk=0xBA (186), modKey=0, capturing=0
[13:50:59.689] KEY vk=0x59 (89), modKey=0, capturing=0
[13:50:59.791] KEY vk=0x4A (74), modKey=0, capturing=0
[13:51:00.113] KEY vk=0xBF (191), modKey=0, capturing=0
[13:51:00.235] KEY vk=0x20 (32), modKey=0, capturing=0
[13:51:00.333] KEY vk=0xA0 (160), modKey=0, capturing=0
[13:51:00.412] KEY vk=0x54 (84), modKey=0, capturing=0
[13:51:00.538] KEY vk=0x4F (79), modKey=0, capturing=0
[13:51:00.638] KEY vk=0x54 (84), modKey=0, capturing=0
[13:51:00.705] KEY vk=0x20 (32), modKey=0, capturing=0
[13:51:00.944] KEY vk=0xA0 (160), modKey=0, capturing=0
[13:51:01.055] KEY vk=0xBF (191), modKey=0, capturing=0
[13:51:01.845] KEY vk=0x8 (8), modKey=0, capturing=0
[13:51:01.954] KEY vk=0x8 (8), modKey=0, capturing=0
[13:51:02.055] KEY vk=0xA0 (160), modKey=0, capturing=0
[13:51:02.091] KEY vk=0xBF (191), modKey=0, capturing=0
[13:51:02.212] KEY vk=0x20 (32), modKey=0, capturing=0
[13:51:02.382] KEY vk=0x47 (71), modKey=0, capturing=0
[13:51:02.458] KEY vk=0x4A (74), modKey=0, capturing=0
[13:51:02.717] KEY vk=0x4C (76), modKey=0, capturing=0
[13:51:02.792] KEY vk=0x52 (82), modKey=0, capturing=0
[13:51:02.871] ReinstallHook: OK
[13:51:02.890] KEY vk=0x42 (66), modKey=0, capturing=0
[13:51:03.141] KEY vk=0x59 (89), modKey=0, capturing=0
[13:51:03.234] KEY vk=0x4D (77), modKey=0, capturing=0
[13:51:03.333] KEY vk=0x20 (32), modKey=0, capturing=0
[13:51:03.423] KEY vk=0x52 (82), modKey=0, capturing=0
[13:51:03.624] KEY vk=0x46 (70), modKey=0, capturing=0
[13:51:03.788] KEY vk=0x52 (82), modKey=0, capturing=0
[13:51:03.837] KEY vk=0x42 (66), modKey=0, capturing=0
[13:51:03.975] KEY vk=0x54 (84), modKey=0, capturing=0
[13:51:04.092] KEY vk=0xBD (189), modKey=0, capturing=0
[13:51:04.277] KEY vk=0x4E (78), modKey=0, capturing=0
[13:51:04.387] KEY vk=0x4A (74), modKey=0, capturing=0
[13:51:04.539] KEY vk=0x20 (32), modKey=0, capturing=0
[13:51:04.719] KEY vk=0x42 (66), modKey=0, capturing=0
[13:51:04.860] KEY vk=0x4C (76), modKey=0, capturing=0
[13:51:04.964] KEY vk=0x54 (84), modKey=0, capturing=0
[13:51:05.202] KEY vk=0x42 (66), modKey=0, capturing=0
[13:51:05.271] KEY vk=0x20 (32), modKey=0, capturing=0
[13:51:05.513] KEY vk=0x47 (71), modKey=0, capturing=0
[13:51:05.618] KEY vk=0x4A (74), modKey=0, capturing=0
[13:51:06.530] KEY vk=0x20 (32), modKey=0, capturing=0
[13:51:06.728] KEY vk=0x4C (76), modKey=0, capturing=0
[13:51:06.962] KEY vk=0x4A (74), modKey=0, capturing=0
[13:51:07.192] KEY vk=0xBC (188), modKey=0, capturing=0
[13:51:07.248] KEY vk=0x46 (70), modKey=0, capturing=0
[13:51:07.394] KEY vk=0x44 (68), modKey=0, capturing=0
[13:51:07.448] KEY vk=0x4B (75), modKey=0, capturing=0
[13:51:07.597] KEY vk=0x54 (84), modKey=0, capturing=0
[13:51:07.762] KEY vk=0x59 (89), modKey=0, capturing=0
[13:51:07.872] ReinstallHook: OK
[13:51:07.954] KEY vk=0x42 (66), modKey=0, capturing=0
[13:51:08.017] KEY vk=0xBE (190), modKey=0, capturing=0
[13:51:08.100] KEY vk=0x20 (32), modKey=0, capturing=0
[13:51:08.236] KEY vk=0x44 (68), modKey=0, capturing=0
[13:51:08.329] KEY vk=0x20 (32), modKey=0, capturing=0
[13:51:08.433] KEY vk=0x59 (89), modKey=0, capturing=0
[13:51:08.530] KEY vk=0x46 (70), modKey=0, capturing=0
[13:51:08.909] KEY vk=0x49 (73), modKey=0, capturing=0
[13:51:09.435] KEY vk=0x45 (69), modKey=0, capturing=0
[13:51:09.578] KEY vk=0x20 (32), modKey=0, capturing=0
[13:51:09.833] KEY vk=0x56 (86), modKey=0, capturing=0
[13:51:10.053] KEY vk=0x42 (66), modKey=0, capturing=0
[13:51:10.147] KEY vk=0x59 (89), modKey=0, capturing=0
[13:51:10.211] KEY vk=0x42 (66), modKey=0, capturing=0
[13:51:10.305] KEY vk=0x20 (32), modKey=0, capturing=0
[13:51:10.511] KEY vk=0x47 (71), modKey=0, capturing=0
[13:51:10.546] KEY vk=0x48 (72), modKey=0, capturing=0
[13:51:10.733] KEY vk=0x4A (74), modKey=0, capturing=0
[13:51:10.919] KEY vk=0x55 (85), modKey=0, capturing=0
[13:51:11.106] KEY vk=0x48 (72), modKey=0, capturing=0
[13:51:11.176] KEY vk=0x46 (70), modKey=0, capturing=0
[13:51:11.868] KEY vk=0x56 (86), modKey=0, capturing=0
[13:51:12.064] KEY vk=0x56 (86), modKey=0, capturing=0
[13:51:12.565] KEY vk=0x52 (82), modKey=0, capturing=0
[13:51:12.673] KEY vk=0x45 (69), modKey=0, capturing=0
[13:51:12.789] KEY vk=0x20 (32), modKey=0, capturing=0
[13:51:12.875] ReinstallHook: OK
[13:51:13.161] KEY vk=0x56 (86), modKey=0, capturing=0
[13:51:13.247] KEY vk=0x42 (66), modKey=0, capturing=0
[13:51:13.442] KEY vk=0x52 (82), modKey=0, capturing=0
[13:51:13.655] KEY vk=0x43 (67), modKey=0, capturing=0
[13:51:13.759] KEY vk=0x54 (84), modKey=0, capturing=0
[13:51:13.867] KEY vk=0x48 (72), modKey=0, capturing=0
[13:51:14.175] KEY vk=0xD (13), modKey=0, capturing=0
[13:51:17.233] KEY vk=0xA0 (160), modKey=0, capturing=0
[13:51:17.247] KEY vk=0xA4 (164), modKey=0, capturing=0
[13:51:17.419] KEY vk=0xA0 (160), modKey=0, capturing=0
[13:51:17.451] KEY vk=0xA4 (164), modKey=0, capturing=0
[13:51:17.625] KEY vk=0xA0 (160), modKey=0, capturing=0
[13:51:17.708] KEY vk=0x42 (66), modKey=0, capturing=0
[13:51:17.892] ReinstallHook: OK
[13:51:17.908] KEY vk=0x41 (65), modKey=0, capturing=0
[13:51:18.049] KEY vk=0x42 (66), modKey=0, capturing=0
[13:51:18.320] KEY vk=0x59 (89), modKey=0, capturing=0
[13:51:18.480] KEY vk=0x4D (77), modKey=0, capturing=0
[13:51:18.940] KEY vk=0x8 (8), modKey=0, capturing=0
[13:51:19.154] KEY vk=0xBC (188), modKey=0, capturing=0
[13:51:19.292] KEY vk=0x20 (32), modKey=0, capturing=0
[13:51:19.448] KEY vk=0x50 (80), modKey=0, capturing=0
[13:51:19.648] KEY vk=0x4C (76), modKey=0, capturing=0
[13:51:19.687] KEY vk=0x45 (69), modKey=0, capturing=0
[13:51:19.783] KEY vk=0x41 (65), modKey=0, capturing=0
[13:51:19.848] KEY vk=0x53 (83), modKey=0, capturing=0
[13:51:19.928] KEY vk=0x45 (69), modKey=0, capturing=0
[13:51:19.987] KEY vk=0x20 (32), modKey=0, capturing=0
[13:51:20.188] KEY vk=0x44 (68), modKey=0, capturing=0
[13:51:20.215] KEY vk=0x4F (79), modKey=0, capturing=0
[13:51:20.476] KEY vk=0x4E (78), modKey=0, capturing=0
[13:51:20.748] KEY vk=0xDE (222), modKey=0, capturing=0
[13:51:20.793] KEY vk=0x54 (84), modKey=0, capturing=0
[13:51:20.836] KEY vk=0x20 (32), modKey=0, capturing=0
[13:51:21.177] KEY vk=0xD (13), modKey=0, capturing=0
[13:51:22.901] ReinstallHook: OK
[13:51:27.907] ReinstallHook: OK
[13:51:32.912] ReinstallHook: OK
